Video Name,Video URL,Complexity Level,Cleaned Video Name,Frame Rate (fps),Scene Transition Rate (Per Min),Average Scene Duration (in Mins),Average Motion Intensity,Average Texture Contrast,Average Texture Homogeneity,Dominant Color Standard Deviation (R),Dominant Color Standard Deviation (G),Dominant Color Standard Deviation (B),Bit Rate (Mbps),Compression Ratio,Average PSNR (dB),Average SSIM,Average Color Standard Deviation (R),Average Color Standard Deviation (G),Average Color Standard Deviation (B)
Plant Parts and Functions for Kids,https://www.youtube.com/watch?v=18amLZ9vfG8,0,PlantPartsandFunctionsforKids,25.0,2.596278667243617,0.3718850574712644,1.8017478226423551,5111.683236843825,0.3791464277601791,82.99462371179531,68.28226976454089,67.97300400071643,0.1818548432960375,0.3962239989035596,46.20326732445567,0.9301278018734505,58.307155294070306,44.54866112668652,52.432823781972346
Adjectives for Kids | Homeschool Pop,https://www.youtube.com/watch?v=4jxXnHSbicY,0,AdjectivesforKidsHomeschoolPop,25.0,1.874560649847692,0.502078431372549,0.5693719557008282,3943.115690779647,0.3192011842422113,72.64877469691818,70.04355736385057,83.52672369898892,0.1613313910802155,0.2781945023850082,55.6944223098419,0.9716478151346754,47.85878429766946,49.947640001450786,72.32285304339156
Roman Numerals For Kids,https://www.youtube.com/watch?v=NrnXsKYpLJM,0,RomanNumeralsForKids,25.0,1.475893735651033,0.6098,1.1042554795609347,3996.529243111562,0.3623247475902089,80.94749790489108,78.24196145823342,75.80662640682841,0.176696206406472,0.2176826540601169,49.81371347002703,0.9384470476426384,65.29560136167737,64.68516388718666,72.46743129209469
Benjamin Franklin for Kids,https://www.youtube.com/watch?v=5LcMXnZfFFY,0,BenjaminFranklinforKids,25.0,7.554296506137867,0.1245882352941176,1.8677895438698568,4844.4730939311385,0.4123227000518892,72.42824944977875,78.06778490854819,77.09753740190085,0.2329621026125275,0.0996828420259353,37.4540328779253,0.9086002879545736,43.88274658140624,42.760733217721125,52.7782517909411
Paul Revere for Kids,https://www.youtube.com/watch?v=dmwcfaythY4,0,PaulRevereforKids,25.0,6.286013619696177,0.1497254901960784,2.819806238498374,6004.130269937275,0.4049924646740283,67.44825575892371,74.33305374619351,67.62571100749393,0.2180574122577265,0.1121307423214091,53.3703510683421,0.9181992830344918,37.90216150519257,41.06729999391058,40.33622635453675
Thomas Jefferson for Kids,https://www.youtube.com/watch?v=uL_6b-k7aVI,0,ThomasJeffersonforKids,25.0,2.6229508196721314,0.3388888888888888,2.483874760198551,4970.222446126386,0.4190818550124529,72.0170711611117,73.1876628486763,65.118796386359,0.1644785136612022,0.1013487018869931,44.01747672877754,0.9166913572792904,48.92471202006096,46.09761811929671,45.38586811574285
Davy Crockett for Kids,https://www.youtube.com/watch?v=Pxt_uA8w-t4,0,DavyCrockettforKids,25.0,2.014195281028199,0.4344166666666667,1.4067598105629615,4620.216593296614,0.45295447820413,65.5723969814768,71.74397697814916,72.16169469065798,0.1645054287358526,0.1155010357110542,45.95999931890129,0.9198630681375496,52.5523584831935,49.69756059088177,43.96966225059667
Susan B. Anthony for Kids,https://www.youtube.com/watch?v=v23V-cHPpz4,0,SusanBAnthonyforKids,25.0,3.1185031185031185,0.2915151515151515,1.7139484554481992,5146.1612052116425,0.4449518895331896,69.83693013479785,69.18852778636806,72.83762051016535,0.1675672349272349,0.1085555667283908,39.02001657764447,0.9149145566002236,54.86506165849675,48.21882790407118,50.7317124088882
George Washington Carver for Kids,https://www.youtube.com/watch?v=X9Xyw43cC7M,0,GeorgeWashingtonCarverforKids,25.0,4.0,0.2291666666666666,2.0461497716216943,4266.0606422898345,0.4780398755646549,60.30164457064754,67.79704331109401,75.93578892988498,0.1654971151515151,0.0919458855621106,38.8713314713502,0.9096712207475884,51.1147823896747,49.48660562161253,51.20175234435601
Jackie Robinson for Kids | Biography Video,https://www.youtube.com/watch?v=wMMwBhkxBv0,0,JackieRobinsonforKidsBiographyVideo,25.0,3.9173789173789175,0.2339999999999999,1.840025901416705,5654.522232445361,0.3979849542288856,59.8685072214706,61.92246937225457,66.77687638842782,0.1682834757834758,0.0954657865980263,38.69774409366662,0.8939021505093668,43.179169556153504,37.94266646474368,43.634550378760345
"Urban, Suburban and Rural Areas for Kids",https://www.youtube.com/watch?v=YRxNQPmj1-8,0,UrbanSuburbanandRuralAreasforKids,25.0,4.057517084282461,0.2401367521367521,1.5229089662104438,4786.339122616157,0.33137698568942,69.89924632258989,64.10803470788173,67.08409286679624,0.1633015233485193,0.3089745112370184,49.37638780128469,0.9454525895518608,46.600561161195834,45.34499953404882,48.450129839862825
Goods and Services for Kids,https://www.youtube.com/watch?v=Jd4kD9TicbA,0,GoodsandServicesforKids,25.0,2.6056745801968733,0.3542564102564102,1.1970575343360264,4018.816183893531,0.5356021029337678,77.73416628055065,67.4973867841775,76.45089437757153,0.1699961493920092,0.1581646164124867,43.82558669806986,0.9378971945076182,55.11659741891951,47.33134039843229,69.81844648833808
The History of Civilization for Kids: How Civilization Began - FreeSchool,https://www.youtube.com/watch?v=IAQAAJo1fI0,0,TheHistoryofCivilizationforKidsHowCivilizationBeganFreeSchool,29.97002997002997,4.012900418820081,0.2367365,5.116983906738023,3548.2476059667824,0.2209650267919323,69.45892675126461,64.75092488597915,68.95740160192256,0.3073813008696729,0.2940233630899188,18.73690026504337,0.5281453140999093,59.4620246407718,56.56053396123517,58.69275014715226
Traits of Civilization,https://www.youtube.com/watch?v=J2exRx5QMRU,0,TraitsofCivilization,25.0,7.966396292004635,0.1232857142857142,4.966730178381733,2357.910415832686,0.4210913433461026,56.1914558940099,59.921759409162064,61.78153184776848,0.2309272885283893,0.3220959153098967,19.91861411020733,0.7520964602196503,47.883808826348194,50.11008501281206,51.464398363073734
Ancient Greece for Kids | History Learning Video,https://www.youtube.com/watch?v=jloEzVh31TE,0,AncientGreeceforKidsHistoryLearningVideo,23.976023976023978,1.671699177732967,0.555465625,1.4649364133773166,3836.711863190945,0.3869479758700042,66.61604225110389,57.95981648469792,59.95700075649109,0.2029742507425532,0.3188859235232326,43.86186657865789,0.925565542208762,50.19239585839785,47.42149975095951,52.54066517701783
Ancient Egypt for Kids,https://www.youtube.com/watch?v=lBYmOuajdC8,0,AncientEgyptforKids,25.0,2.088409328228333,0.4506666666666667,1.039019698154809,4211.515352066535,0.2920943304094769,55.86070916106703,51.63162854455174,53.2895459181141,0.1847471632439958,0.2859507995564351,44.85193341180455,0.952130241431239,49.18518747904851,45.51914031408454,45.98870877473501
Ancient Egypt 101 | National Geographic,https://www.youtube.com/watch?v=hO1tzmi1V5g,0,AncientEgypt101NationalGeographic,29.97002997002997,5.464681903723735,0.1777648888888889,7.100868912861235,4413.645649274507,0.2525839873977022,58.93433554557839,64.08752702173493,70.11879864473221,0.4354666999071718,0.5473664299890224,17.21785150754726,0.5632379689771168,42.61367413238038,48.60224586926118,55.32594176608659
Indus Valley Civilization: Crash Course World History #2,https://www.youtube.com/watch?v=n7ndRwqJYDM,0,IndusValleyCivilizationCrashCourseWorldHistory2,23.976023976023978,6.0615011577597855,0.1621794373822975,4.847736164498031,4389.711371043471,0.2370494132919953,79.43044815919905,85.22295363142372,80.77634180006139,0.2665540117710114,0.5152787145465367,19.077510616830708,0.753524269338182,42.024132196484096,42.683903597226205,42.89918961255191
Ancient Mesopotamia 101 | National Geographic,https://www.youtube.com/watch?v=xVf5kZA0HtQ,0,AncientMesopotamia101NationalGeographic,29.97002997002997,10.095505350150452,0.0967504005167958,5.3914480040263,3377.193570775505,0.1836074625326497,44.18282049966992,45.726364677908215,48.61891164760362,0.2862014873243318,0.2405482999019684,18.608623870226605,0.5643981598995973,35.2194489709802,37.20203884701455,40.682775821129134
Indus Valley Civilization Facts - History of Ancient India | Educational Videos by Mocomi,https://www.youtube.com/watch?v=KhDY4KJuvc0,0,IndusValleyCivilizationFactsHistoryofAncientIndiaEducationalVideosbyMocomi,24.0,0.0,4.059722222222223,8.569478528773404,2631.999723567227,0.0350324735063598,28.769238915319427,28.965898861054,30.579930597282026,0.600158730071844,0.4922340190063127,18.012054893323235,0.4517222377483917,22.519792975215545,21.414116355202875,23.979584107869027
01 - Review Of Fraction Concepts - (5th Grade Math),https://www.youtube.com/watch?v=xlK8Smp5Ug8,0,01ReviewOfFractionConcepts5thGradeMath,29.97002997002997,0.1146154502008922,4.362413611111111,3.2584938386524165,1787.032773500388,0.210989245756781,22.962042612350267,22.71979999720441,21.927184621896146,0.4104056820227386,0.7234014561721114,19.262826294746933,0.861342114301065,22.50183264341545,21.75543668440473,21.228532488959022
Lesson 2 - Writing Fractions As Words - (5th Grade Math),https://www.youtube.com/watch?v=SKEmIj-YCPc,0,Lesson2WritingFractionsAsWords5thGradeMath,29.97002997002997,0.2499932987907407,2.000053611111112,3.0329417049614413,1660.7865225620224,0.2035444593991069,32.66461018349039,32.20254723343791,31.72231627598636,0.3932395923275945,0.3177884057091075,20.867779771535016,0.8787654047411103,30.785935329406577,29.837068052367673,30.1290046834233
Lesson 3 - Finding Factors Of Numbers - (5th Grade Math),https://www.youtube.com/watch?v=OWlvooseo_o,0,Lesson3FindingFactorsOfNumbers5thGradeMath,29.97002997002997,0.4999865975814814,1.3333690740740742,2.80027919932599,1809.321832572224,0.1741808450181292,32.577273574817326,31.922820468590995,31.59063561526544,0.3762784136480785,0.3040815815828623,19.85391568281149,0.8728810615749271,30.708749454941742,29.677223581439147,30.10189620728306
Lesson 4 - Finding The Greatest Common Factor - (5th Grade Math),https://www.youtube.com/watch?v=U0-sgUCXHxA,0,Lesson4FindingTheGreatestCommonFactor5thGradeMath,29.97002997002997,0.2499932987907407,2.000053611111112,3.1120574776263488,1690.5500110522726,0.2083534875876202,32.61464105354263,31.949124187466985,31.644637882650613,0.3693570991777581,0.2984882651064731,19.92161430138723,0.8704320200053302,31.158691701232033,30.17828452542522,30.510942271539115
Lesson 5 - Finding The GCF Of 3 Numbers - (5th Grade Math),https://www.youtube.com/watch?v=2hWAL_HERag,0,Lesson5FindingTheGCFOf3Numbers5thGradeMath,29.97002997002997,0.4999865975814814,1.3333690740740742,2.55361175092478,1455.4247743730507,0.1968923399602887,35.31544321322201,33.92151361573485,33.12145415453374,0.4275466727072454,0.3455129598768401,21.23315803749008,0.8894579130456648,31.62803137238806,30.60707900801644,30.770361746230304
Lesson 6 - Prime Factorization - (5th Grade Math),https://www.youtube.com/watch?v=R68uRLRJssA,0,Lesson6PrimeFactorization5thGradeMath,29.97002997002997,0.0,4.000663333333334,2.819549195438383,1732.4129716763705,0.2034401326960494,33.01334728094011,32.612423525753094,32.04195417935389,0.4113702810950517,0.3324865623160966,20.940536760818592,0.8790185478069003,31.240359499397968,30.356713947495084,30.41625840377682
Lesson 7 -  Equivalent Fractions - (5th Grade Math),https://www.youtube.com/watch?v=vzUaMZd5IeU,0,Lesson7EquivalentFractions5thGradeMath,29.97002997002997,0.2499932987907407,2.000053611111112,3.2256539175587315,1961.9083691018493,0.1780054870134637,32.594014300628054,31.92212928909002,31.670635878503568,0.4207552214225368,0.3400245896355734,19.584907846046097,0.8547266584315322,31.164388336794172,29.931180682540507,30.44189266221142
Lesson 8 - Renaming Fractions - (5th Grade Math),https://www.youtube.com/watch?v=vxth4e33HUU,0,Lesson8RenamingFractions5thGradeMath,29.97002997002997,0.2499585485407003,2.000331666666667,3.048462171032424,1715.8722995125408,0.2070821647967155,32.6651997383637,32.03546616488879,31.80784348925541,0.4198248790408923,0.3393199198432723,19.49647291644785,0.8685247716174225,30.55892876217137,29.66180229419189,30.186212373994234
"Lesson 9 - Simplifying Fractions, Part 1 - (5th Grade Math)",https://www.youtube.com/watch?v=7TgsXK0ZUu8,0,Lesson9SimplifyingFractionsPart15thGradeMath,29.97002997002997,0.0,4.000663333333334,2.8875583812984966,2057.194891833489,0.1750137958658555,32.5027134285689,31.80497487043892,31.65829243467436,0.3507925602337612,0.2835251300305672,19.47831520535555,0.8566241954165208,30.627656924198373,29.481632279352464,30.106388587941726
"Lesson 10 - Simplifying Fractions, Part 2 (5th Grade Math)",https://www.youtube.com/watch?v=ZfO4TzfcTc0,0,Lesson10SimplifyingFractionsPart25thGradeMath,29.97002997002997,0.2499932987907407,2.000053611111112,3.1988499314193763,2090.6582981536826,0.1969643918454186,32.48347143575446,31.88837363508453,31.70953873611702,0.3690879397260601,0.2982707494882456,19.0434932665194,0.8712649737553311,30.1436818037056,29.346836370283672,29.87460498142107
Lesson 11 - Review Of Improper Fractions - (5th Grade Math),https://www.youtube.com/watch?v=LDqQ9y5ILEc,0,Lesson11ReviewOfImproperFractions5thGradeMath,29.97002997002997,0.2499585485407003,2.000331666666667,3.00613580896489,1890.109667347719,0.2007253425308887,32.92737849633728,32.72894960415401,32.13913629626112,0.3440594434756236,0.2780831451632432,19.989479398106035,0.8680742726086519,31.124929302687963,30.480209428847367,30.487540996116344
Lesson 12 - Review Of Mixed Fractions - (5th Grade Math),https://www.youtube.com/watch?v=xOHGaNF0tIg,0,Lesson12ReviewOfMixedFractions5thGradeMath,29.97002997002997,0.2499585485407003,2.000331666666667,4.075297363853503,2183.611835287352,0.1800770007921161,32.33148786646772,31.842793795731453,31.661785639160684,0.4280862423648078,0.345997097116023,18.006746255823725,0.842514247940337,30.25838319912051,29.414388746646804,29.936504870478025
Microscope (Parts and Functions) | Grade 7 Science DepEd MELC Quarter 2 Module 1,https://www.youtube.com/watch?v=ZEF9mnL9_W0,0,MicroscopePartsandFunctionsGrade7ScienceDepEdMELCQuarter2Module1,30.0,0.4683231429686483,1.4235185185185186,0.4408381849247228,2627.9821318995555,0.655525441337471,73.00465859682119,46.80766174937154,40.97069845255397,0.2021979549889423,0.174449734645761,56.77657504658857,0.973623877567098,15.9793309255029,6.581695839537013,9.70832952873463
"How to Use a Microscope, Magnification | Grade 7 Science DepEd MELC Quarter 2 Module 2",https://www.youtube.com/watch?v=c6vUNJzoON0,0,HowtoUseaMicroscopeMagnificationGrade7ScienceDepEdMELCQuarter2Module2,30.0,0.2647642862396117,2.517962962962963,0.5172834406912102,2909.845878326173,0.6158014181654673,90.4649374504617,52.35551145627601,42.90977230263315,0.2299764653967786,0.3509644804133718,60.67866631501262,0.9581313619447168,34.43643845542776,38.23810309937746,38.50818977613202
Levels of Biological Organization | Grade 7 Science DepEd MELC Quarter 2 Module 3,https://www.youtube.com/watch?v=ksLh67GPBTc,0,LevelsofBiologicalOrganizationGrade7ScienceDepEdMELCQuarter2Module3,30.0,0.0,6.433888888888889,0.473890565382787,2013.201697234204,0.6483997537773217,82.74680484415306,52.656315406261285,49.040336766078624,0.2119423193161212,0.2754865608884399,63.14665294991547,0.9691051910385023,20.75329521874481,9.65469633608138,9.031914695136226
Types of Reproduction: Sexual and Asexual | Grade 7 Science DepEd MELC Quarter 2 Module 5,https://www.youtube.com/watch?v=9AIBnaow5a0,0,TypesofReproductionSexualandAsexualGrade7ScienceDepEdMELCQuarter2Module5,30.0,0.0,5.8533333333333335,0.4899346716845104,1706.044401347141,0.7118868708031095,94.7205406223638,46.44356968719417,47.24551286892143,0.1973814578587699,0.2334096393386329,55.40501149352376,0.9713604708341445,18.120169807959062,11.72071480540974,13.48141144446517
"Biotic & Abiotic Component, Ecological Relationships | Grade 7 Science DepEd MELC Quarter 2 Module 6",https://www.youtube.com/watch?v=IZoIvJEiNaM,0,BioticAbioticComponentEcologicalRelationshipsGrade7ScienceDepEdMELCQuarter2Module6,30.0,0.2313624678663239,2.8814814814814813,0.9378405182642944,2275.272584053934,0.6162991474168923,71.73527009455263,50.98389263868835,74.55942671063963,0.2435583856041131,0.4253528554521037,45.35461565853353,0.95209050008449,24.517214102724935,18.666312730651605,24.032174108110542
Effect of Changes in the Abiotic Factor on Ecosystem | Grade 7 Science DepEd MELC Quarter 2 Module 7,https://www.youtube.com/watch?v=wAPpAxfsars,0,EffectofChangesintheAbioticFactoronEcosystemGrade7ScienceDepEdMELCQuarter2Module7,30.0,3.120016640088747,0.3081837606837607,1.463210645437106,3015.567716912007,0.5357818807683292,75.65713281765863,77.12358404700292,80.53382386018279,0.2903815960618456,0.4700687330497756,32.773429901293525,0.9114855036890666,61.14750481979572,67.13000502111841,75.68608224363732
Visualizing Motion Using Tape Charts & Motion Graphs | Grade 7 Science DepEd MELC Quarter 3 Module 2,https://www.youtube.com/watch?v=ImkN3lC36vA,0,VisualizingMotionUsingTapeChartsMotionGraphsGrade7ScienceDepEdMELCQuarter3Module2,30.0,0.0,8.719444444444443,0.359125169679443,1491.1643553581332,0.7467989326142501,85.7436552681314,53.78104722064427,39.643996041266085,0.1828148123606244,0.3220396710237222,58.52620086998509,0.9807325745126284,14.495307047053059,6.541089677062503,4.171025305449534
Characteristics of Light | Grade 7 Science DepEd MELC Quarter 3 Module 4,https://www.youtube.com/watch?v=nuAA9OEINGc,0,CharacteristicsofLightGrade7ScienceDepEdMELCQuarter3Module4,30.0,0.0,5.535,0.4815801366800497,3231.368180625182,0.5988566245200432,82.39667712711947,54.23595935387125,38.75136558886241,0.2028684372177055,0.2268513077510364,61.155601616164105,0.976571537623463,17.714232751770638,10.44319585915656,12.8502053008062
Equivalent vectors - (Lesson 1 of 16 Mathematics Form 2 Topic Vectors I ),https://www.youtube.com/watch?v=tngxz1Jr3ME,0,EquivalentvectorsLesson1of16MathematicsForm2TopicVectorsI,10.0,0.1997669385716663,3.337222222222222,0.3269213467001539,2673.0476804871546,0.6078875498077732,9.8938284219043,15.239636363198183,20.234625472080868,0.1375004494756117,0.2781119676662158,58.83368432885038,0.989519634836067,10.149427860594049,11.596122327992084,13.357893273935781
Product of a Negative Scalar and a Vector   - (Lesson 4 of 16 Mathematics Form 2 Topic Vectors I ),https://www.youtube.com/watch?v=AKTvZCjowT4,0,ProductofaNegativeScalarandaVectorLesson4of16MathematicsForm2TopicVectorsI,10.0,0.2886465683130211,2.5983333333333336,0.2663529512833246,2155.3501473486613,0.757721697779559,9.629540861287694,15.059094912351997,19.936486665791605,0.1215198075689544,0.2551591270186426,55.78752900352009,0.9912555321140324,10.11473236246825,11.691222929217519,13.378762046263493
Fractional scalar and a vector  - (Lesson 5 of 16 Mathematics Form 2 Topic Vectors I ),https://www.youtube.com/watch?v=CvUiS2Fu7d8,0,FractionalscalarandavectorLesson5of16MathematicsForm2TopicVectorsI,10.0,0.3058623619371283,2.4520833333333334,0.2769689920779685,2690.7037900573,0.6715888960370464,9.91281661725884,15.435447992528257,20.43569952330667,0.1323367068819031,0.2622314150143852,52.83100695003855,0.9907960756282272,10.26296145094844,11.78115431970967,13.471031508483916
Column vector - (Lesson 6 of 16 Mathematics Form 2 Topic Vectors I ),https://www.youtube.com/watch?v=GuXXSrj7r4U,0,ColumnvectorLesson6of16MathematicsForm2TopicVectorsI,10.0,0.3668602873738917,2.1806666666666668,0.2738972387688752,2365.355752647132,0.6430452538818648,10.635808144858428,14.76103820659443,19.13699040709876,0.1394593335371446,0.3071963513620424,57.84432052523051,0.9898947155396453,19.755705737789018,20.275638453990034,21.21868471064379
Addition of column vectors   - (Lesson 7 of 16 Mathematics Form 2 Topic Vectors I ),https://www.youtube.com/watch?v=E60rkhIffew,0,AdditionofcolumnvectorsLesson7of16MathematicsForm2TopicVectorsI,10.0,0.2263723825693265,2.9450000000000003,0.3081715995611702,2161.9066283469265,0.6418444438038083,12.732704685705682,17.626759698246385,22.7540212387012,0.127381852480664,0.2273648331684838,53.0544680073985,0.986156669079244,13.151571931273482,14.42689129170676,15.91055017812561
Subtraction of column Vectors  - (Lesson 8 of 16 Mathematics Form 2 Topic Vectors I ),https://www.youtube.com/watch?v=YZif4LMCFDw,0,SubtractionofcolumnVectorsLesson8of16MathematicsForm2TopicVectorsI,10.0,0.262582056892779,2.5388888888888888,0.3678208651617673,2254.250246766253,0.6390841232809852,11.226511517607396,18.05846437388569,24.292712842068216,0.1291280700218818,0.1986985912611087,60.38951578963754,0.98801823843434,11.567855229656674,13.182366587498045,15.050522422643494
The Position Vector   - (Lesson 10 of 16 Mathematics Form 2 Topic Vectors I ),https://www.youtube.com/watch?v=-55wnhLysdg,0,ThePositionVectorLesson10of16MathematicsForm2TopicVectorsI,10.0,0.2050931464706887,3.250555555555556,0.2459207049789362,2691.770445070806,0.5862301548220801,12.144393111921556,16.828422650988685,21.75813510865412,0.1333912972141514,0.2627940464345608,58.945237195191226,0.9898745026178314,13.561175641092323,14.72082247094106,16.091132314187654
Microorganisms Introduction,https://www.youtube.com/watch?v=sZbRyHOrE9I,0,MicroorganismsIntroduction,25.0,0.8342602892102335,0.998888888888889,2.5396558022889253,1282.254067064293,0.2161218822357802,40.91323239340233,42.04482469877377,41.96211171335925,0.3662217130144604,0.4434265581478778,20.224836225398924,0.8461604287086009,47.55981604908334,47.18248883441334,47.473586997451605
"Microorganisms 02 - Bacteria, the Guys Everywhere",https://www.youtube.com/watch?v=vff_-xXJ0Zc,0,Microorganisms02BacteriatheGuysEverywhere,25.0,0.1890597428787497,3.526222222222222,1.930398078282692,2888.9276842773675,0.2436368567825256,14.538824900068755,15.581444886879028,14.651061914661035,0.2408954247542223,0.5148357099821567,23.117362395396928,0.8938253307318044,12.617289174084188,12.737229869736785,11.602650382238096
"Microorganisms - Fungi, the Death Lovers",https://www.youtube.com/watch?v=tw4MvuNyaM0,0,MicroorganismsFungitheDeathLovers,24.97502595495805,0.0,3.775771851851852,1.7700910938547012,1611.8431203868224,0.211544434647425,0.9558912570867536,1.1645298210471096,1.6081778494319652,0.2575473055104553,0.196459001969385,20.89257372055428,0.884002819932831,6.903756654280634,7.587402476418873,8.263410526634841
Microorganisms 04 - Creepy Protozoans,https://www.youtube.com/watch?v=RVZLYc46bzk,0,Microorganisms04CreepyProtozoans,25.0,0.0,2.514,1.7659274182717006,2408.0698541310617,0.2036607389680247,21.38631574438132,16.87620456223191,14.907974659015244,0.3686626359055953,0.1872421311940535,20.755087572120747,0.8850208256771843,24.36246948879664,19.076982731013903,15.44023081395027
Microorganisms - Viruses Around Us | Learn from BYJU'S,https://www.youtube.com/watch?v=_uzHmQdBTBA,0,MicroorganismsVirusesAroundUsLearnfromBYJUS,25.0,0.7413509060955519,1.0116666666666667,1.9621447142490671,1149.642550735099,0.2205171536119067,3.0199985992099583,1.846246661128896,13.777281188350488,0.2638635584843492,0.2157178213387858,20.75408047984684,0.880372072513065,6.46381835972428,4.429910658039126,9.476464604010513
Tissues,https://www.youtube.com/watch?v=pAuKju6eWJI,0,Tissues,25.0,0.0,1.922,2.305828216283217,3904.6586025271126,0.4244878532297853,8.89925780816953,9.427267103546878,9.14707983785249,0.3648837322233784,0.141682777862195,19.29309301162697,0.8426596478573105,10.830398051666727,6.455621498191727,8.674595247434588
Summary on Tissues,https://www.youtube.com/watch?v=fKlsEF9xVUE,0,SummaryonTissues,25.0,4.28163653663178,0.2189583333333332,2.832948871311688,2782.862904921763,0.4973789372902984,1.8915593832441984,2.158225359879572,0.9295625911216914,0.2417257088487155,0.1710856098104904,19.978730935379097,0.8421131703332432,6.462232902324937,5.8145801509723904,4.378561210142025
Introduction to Heredity and Evolution | Learn with BYJU'S,https://www.youtube.com/watch?v=MqBb44ubESQ,0,IntroductiontoHeredityandEvolutionLearnwithBYJUS,25.0,1.7814726840855106,0.4490666666666666,2.827145026045319,2187.81084731241,0.0743188646844909,12.364855723560716,10.81240460205146,7.52523327229589,0.4185770190023753,0.1898739489584719,21.789331213423,0.817625709454175,8.42455970974815,9.78408691811724,8.903195662720293
Heredity and Evolution - Evolution and Fossil Fuels,https://www.youtube.com/watch?v=vwnf-x8qHHU,0,HeredityandEvolutionEvolutionandFossilFuels,25.0,1.6074873187111525,0.5832083333333333,3.4106565465440903,3102.2825601778527,0.0860773450028704,31.88948370416756,23.01631734570421,18.12060502661576,0.3730355076087733,0.7032391725506549,19.133295844501617,0.7917724342674186,21.839478834516985,13.355235859713487,10.6475381399973
Heredity and Evolution - Human Evolution,https://www.youtube.com/watch?v=P0DQgZSzgyM,0,HeredityandEvolutionHumanEvolution,25.0,3.673469387755102,0.2333333333333333,5.267759728063013,2178.355929733789,0.0795526240689828,47.09367188588216,41.594064749761245,32.33087865007251,0.5380294693877552,0.1775374866955191,17.617358063539537,0.6248950859298579,31.375494300559964,25.70277228651022,20.11025444182463
Structure of Human Ear | Learn with BYJU'S,https://www.youtube.com/watch?v=MgeSuTAIBKY,0,StructureofHumanEarLearnwithBYJUS,25.0,1.348314606741573,0.5933333333333334,2.044252233527138,3818.5854040186655,0.1556250237340253,46.06732837755494,42.44003954041983,44.128808672214745,0.294811595505618,0.1766942803305192,26.93046213438537,0.8434612266336624,43.51629840427617,39.07738209777792,43.06538622960324
The Process of Farming | Learn with BYJU'S,https://www.youtube.com/watch?v=Kxwdt0-wDyo,0,TheProcessofFarmingLearnwithBYJUS,25.0,7.546306883146581,0.1267536231884058,3.910172886300957,3400.382818721197,0.0999792511859288,57.80121148366693,52.51922749948686,56.14946351534646,0.4075321747084381,0.2400265587243278,20.214011826093387,0.78533314913163,31.174478723608754,45.36552626515363,43.18772786232751
"General English for GATE, PSUs, and Placements",https://www.youtube.com/watch?v=_8gNaALlD5Y,0,GeneralEnglishforGATEPSUsandPlacements,30.0,0.3264713884102657,2.042037037037037,0.1431697276053049,3032.815725559912,0.6732530123193764,43.488251229933326,43.43111846406552,47.07364745267832,0.1794609086786977,0.2221078510585576,38.983277124713055,0.9860543059384632,39.973605740311484,38.8276684481392,44.465002166652056
Parts of Speech: Nouns,https://www.youtube.com/watch?v=rEGircBQASI,0,PartsofSpeechNouns,30.0,0.0938086303939962,5.33,0.1063060208519183,2472.690713166268,0.6116509521239236,33.29372697460242,33.27859657849734,35.993089614535705,0.1817598373983739,0.3914391940409286,50.412931076270375,0.9891988884509816,30.45263477003737,29.775602459112882,34.327732953537456
Nouns (Solved Questions),https://www.youtube.com/watch?v=8b8Xi0nYJB0,0,NounsSolvedQuestions,30.0,0.9371513573819265,0.9336805555555556,0.1252809550553826,2404.614107818001,0.7312933788841124,39.78474978362502,39.63923663501285,42.81986241638394,0.1831992740795834,0.2764529497824992,39.26582700774423,0.9758017873568596,37.12237503978942,35.678066623204714,40.32300832385165
Parts of Speech: Pronouns (Part 3),https://www.youtube.com/watch?v=GBdZy6TZaNA,0,PartsofSpeechPronounsPart3,30.0,0.1407239465249003,3.5530555555555554,0.1181502587612111,2009.6842979314604,0.6603030700198679,28.967721955867205,28.999530685421,33.060030506621736,0.1803251098428582,0.2588793309817583,37.01343882735204,0.9871010244149018,37.09078291493361,36.179269584846466,41.937169630881975
Pronouns (Solved Questions),https://www.youtube.com/watch?v=6KOe1RHK_UQ,0,PronounsSolvedQuestions,30.0,0.7574562095628846,1.1735185185185186,0.0971132319509043,2860.895942421076,0.7081821231783458,32.49535070854876,32.217874300371115,35.100337253759406,0.1845707558781757,0.393826128277755,39.68589291613797,0.9810996586944692,31.10878365004923,30.09105634765785,33.83420594369015
Articles (Part 1),https://www.youtube.com/watch?v=8mWg9Hymg7k,0,ArticlesPart1,30.0,0.0944881889763779,5.291666666666667,0.0979396331430151,1948.053426165225,0.6762420241446552,30.481300630704244,30.39134151016153,33.539134190182025,0.1740853417322834,0.3722149886120136,38.79784879638111,0.9904814460966592,30.264543646691127,29.64790804970251,34.06554677746963
Articles (Part 2),https://www.youtube.com/watch?v=6El9aRj5AVc,0,ArticlesPart2,30.0,0.1470948761951458,3.3991666666666664,0.1295216130128136,1874.5949247287133,0.6659510319256916,31.86296945622356,31.85675056732816,36.064405774925895,0.1748937288551115,0.2402071168901456,37.891841101804616,0.9873857402359087,37.69356205275944,36.792216944770914,42.34797255801074
Articles (Part 3),https://www.youtube.com/watch?v=F5iLg8O7N4o,0,ArticlesPart3,30.0,0.3369839932603201,1.9783333333333333,0.1447871821369875,2195.6378395793795,0.6822379532609253,26.941253648364707,26.868333905702208,32.073299325018404,0.1819465768042684,0.2181593297728293,37.8482621396624,0.9861528874051736,40.648146118783856,39.48205806718784,45.53133490712502
Articles (Part 4),https://www.youtube.com/watch?v=bEE1N5hdrj8,0,ArticlesPart4,30.0,0.1604135103823188,3.1169444444444445,0.1651291784137929,2041.2524125672048,0.7090279674332322,45.24533624093814,45.111425820467566,46.04928652360777,0.1758564120844844,0.2214758840097359,38.7135050477495,0.9837228208522456,39.13336144843885,38.16737433648853,43.7618042718549
Articles (Solved Questions),https://www.youtube.com/watch?v=UOU9mOIDpGg,0,ArticlesSolvedQuestions,30.0,0.2017145738779627,3.305,0.1009088735991359,2237.8686106753207,0.7025180584948794,27.952282925625,27.87461915526972,31.35146069943368,0.179497273491343,0.3595503808058723,38.75946657013559,0.9917756806717076,31.738007553829373,31.030198387204642,34.74712358480757
Adjectives (Part 1),https://www.youtube.com/watch?v=BpoHDCo8RU4,0,AdjectivesPart1,30.0,0.1486497646378726,3.363611111111111,0.1327838436821096,1998.5223239130887,0.6832200022183945,41.78986338922398,41.762320121999394,45.20261565292979,0.1790552415558675,0.2433503589923556,37.67442007195252,0.9863124937088616,38.327877023882486,37.420220717331524,43.03209209424259
Adjectives (Part 2),https://www.youtube.com/watch?v=Q2VPDMelExs,0,AdjectivesPart2,30.0,0.2343444863950006,2.133611111111111,0.2054088263533273,1966.3781420037355,0.6749530690304689,48.72789879774548,48.64660097479578,52.88538402536309,0.1796016768649915,0.1548334623656632,36.64746702583676,0.9784040368023764,46.75681577249089,45.585784246009176,52.31046415048083
Five Steps to Create a New AI Model,https://www.youtube.com/watch?v=jcgaNrC4ElU,0,FiveStepstoCreateaNewAIModel,29.97002997002997,0.5769939991021332,1.3864962222222226,1.7216082417860068,17731.70404080317,0.4703636320533535,26.38614284701135,13.408540016566969,14.27900159062577,0.4155391920769748,0.5819824176805746,22.964632679073656,0.8651738258688755,25.786628553207542,10.12104787693849,4.455597999651724
How Large Language Models Work,https://www.youtube.com/watch?v=5sLYAQS9sWQ,0,HowLargeLanguageModelsWork,29.97002997002997,0.5400545995200114,1.3887484722222223,1.875399359472668,13429.942666666657,0.621733766721343,56.3194253589099,22.462488229083483,1.4961127254069302,0.359926876607225,0.4039308668292345,25.326149113730285,0.8739858860612107,54.52922905452131,20.373892251349343,2.815337816115966
Why Are There So Many Foundation Models?,https://www.youtube.com/watch?v=QPQy7jUpmyA,0,WhyAreThereSoManyFoundationModels,29.97002997002997,0.9581211627247432,0.8697577777777776,2.3328587944293537,10359.76831752788,0.6577322647056103,0.625889094784109,0.4691764114977747,0.5471239458311189,0.4219133807369101,0.4448176883754616,19.950582497327748,0.8603255852742688,5.581395494231169,4.285044911056033,4.18915663631893
What are Convolutional Neural Networks (CNNs)?,https://www.youtube.com/watch?v=QzY57FaENXg,0,WhatareConvolutionalNeuralNetworksCNNs,29.97002997002997,0.9465880671355316,0.9055077777777776,2.05577164866623,14249.5525019317,0.4702473515680712,42.01044822795075,16.480765467508224,10.941266403883768,0.3732406845654784,0.4779565093212109,23.66782910436529,0.8542506561916013,37.1710015687542,13.641872899973245,4.012561178240605
What are GANs (Generative Adversarial Networks)?,https://www.youtube.com/watch?v=TpMIssRdhco,0,WhatareGANsGenerativeAdversarialNetworks,29.97002997002997,0.0,8.373365,2.0780353983334483,10002.02102575411,0.6605688649724079,35.26727597132885,12.861598126241804,2.9967184962158564,0.3756219074808435,0.6354188802640767,23.97437676520436,0.8729985774960656,34.89755310207122,13.080564836519416,1.9798319255515318
What are Transformers (Machine Learning Model)?,https://www.youtube.com/watch?v=ZXiruGOCn9s,0,WhatareTransformersMachineLearningModel,29.97002997002997,0.1714369146917531,2.9165247222222224,1.5598238438842396,10829.059185514496,0.6741121442926176,42.66545101121679,20.95812424398373,24.610172124989376,0.2995372060487896,0.3529844799441307,24.85875057765567,0.8933622965263824,40.51630131623125,15.441654118405769,2.732265364511145
What is LSTM (Long Short Term Memory)?,https://www.youtube.com/watch?v=b61DPVFX03I,0,WhatisLSTMLongShortTermMemory,29.97002997002997,9.383805463286295,0.1052176300984528,1.7646436409714377,6990.748365147926,0.5432766148913318,35.38813875596598,12.866413785110527,3.395859289618044,0.3116139149537156,0.5232890268609834,25.65695113943785,0.8843952707128238,34.95483770488943,12.808365770250647,2.4405185719263462
What is NLP (Natural Language Processing)?,https://www.youtube.com/watch?v=fLvJ8VdHLA0,0,WhatisNLPNaturalLanguageProcessing,29.97002997002997,0.0,9.616273333333334,1.0172813101108371,10286.004661783378,0.6904090180148641,5.982642277398113,5.841826634973974,9.735067280199727,0.3364774989063677,0.6536902460690214,27.61735942723796,0.88781050846269,3.839128288875801,3.772014816992381,3.23117141649256
NLP vs NLU vs NLG,https://www.youtube.com/watch?v=1I6bQ12VxV0,0,NLPvsNLUvsNLG,29.97002997002997,0.0,6.792341111111111,1.581215377240848,10786.411491206916,0.6868163304180795,39.36203390538993,14.643654783308932,2.8233918466504533,0.3695838139263717,0.5071560483443344,22.31700957424081,0.9003572277399847,37.167594390137566,13.638373221175142,2.6378501459839616
What is Random Forest?,https://www.youtube.com/watch?v=gkXX4h3qYm4,0,WhatisRandomForest,29.97002997002997,0.1870204678317003,2.6735041666666666,2.041084866004802,12559.502922992364,0.6471959096647338,60.064266988721656,23.69678814827139,1.332251762904421,0.3185189724472095,0.3440767641843281,27.178612233461344,0.8874643570860394,59.3283910967634,22.585705402222835,1.7111874952188144
What are Autoencoders?,https://www.youtube.com/watch?v=qiUEgSCyY5o,0,WhatareAutoencoders,29.97002997002997,0.4012947552336082,1.6612892592592592,1.9946087603306808,10019.597873731786,0.6745749974085905,52.90752696913356,23.71265748223778,13.771907719980508,0.367965379855583,0.3704952549136239,23.621283923279528,0.8704247372717605,50.12913367003998,18.923696638541486,4.005325378265342
What is a Knowledge Graph?,https://www.youtube.com/watch?v=y7sXDpffzQQ,0,WhatisaKnowledgeGraph,29.97002997002997,0.0,5.597814444444444,2.055320667123996,10978.73476101918,0.6676255200450874,43.19764076036094,15.807668197031909,2.4516664773815697,0.3391084655459779,0.3835008302362386,24.445359100904536,0.8702697626978795,42.986611087313925,15.986625645114342,2.1161480993323005
Homogenous vs Heterogenous Grade 10,https://www.youtube.com/watch?v=4ZGWxQEYzhI,0,HomogenousvsHeterogenousGrade10,24.0,0.6696636180437141,1.1199652777777778,0.1611121444665668,7321.262216711389,0.4623763206679339,43.92429109201469,43.70896441254359,59.04315956901404,0.1892522660052704,0.1712832190458237,51.8325473517794,0.992090625018794,5.8014104242239375,5.918835062538992,6.545262615210395
Naming Metal and Non metal Grade 10,https://www.youtube.com/watch?v=4kr8EIXgMYk,0,NamingMetalandNonmetalGrade10,24.0,0.0,8.46875,0.0320842870745836,2634.144083809971,0.671223460913014,2.2918510508041265,7.733955882398397,14.877021566997696,0.1578179699876998,0.2700131675739515,46.71203812817445,0.99655919336718,1.9677861123138882,1.8474427662875623,0.577430157829561
Naming Metal and Non metal Grade 10,https://www.youtube.com/watch?v=AkXIYQusF38,0,NamingMetalandNonmetalGrade10,24.0,0.0,8.46875,0.0320842870745836,2634.144083809971,0.671223460913014,2.2918510508041265,7.733955882398397,14.877021566997696,0.1578179699876998,0.2700131675739515,46.71203812817445,0.99655919336718,1.9677861123138882,1.8474427662875623,0.577430157829561
Naming Non Metals Grade 10,https://www.youtube.com/watch?v=GQws_qYdCz8,0,NamingNonMetalsGrade10,25.0,0.0,9.048666666666666,0.0201699644838872,2227.0245315191846,0.7353061984237526,80.94516310826612,81.57133324646139,67.91782136509315,0.1826505120459736,0.3338986494664025,48.56537295514998,0.997404072033018,0.866481021761654,0.8206891366144582,0.2844705363249384
Kinetic Energy Grade 10,https://www.youtube.com/watch?v=dIQznq0k-gw,0,KineticEnergyGrade10,24.0,0.0,2.734027777777777,0.0617974295803565,1249.849018328446,0.7854162011441719,38.1507069016847,39.01444906693333,39.273701821054665,0.1600379253238506,0.0883964886002556,47.992827817495815,0.9959177942158512,2.6959478146978766,2.6754606299332235,0.8359388258570265
Isotopes Grade 10 | Part 1,https://www.youtube.com/watch?v=vgEt7DCYVVo,0,IsotopesGrade10Part1,24.0,0.0,6.290972222222222,0.0843548483222181,1750.0945695191183,0.8494001544173221,28.127797273868666,28.127797273868666,28.127797273868666,0.1464723470581742,0.1861583781453667,48.806556438815896,0.994924883066297,4.875718828258748,4.875718828258748,4.875718828258748
Periodic Table Grade 10,https://www.youtube.com/watch?v=WRNsXTyeZI0,0,PeriodicTableGrade10,24.0,0.0,2.0548611111111112,0.0777129651282848,2161.9024491090004,0.7384945647989943,88.68614460589232,74.09210938944385,56.86812702180143,0.1766063886448124,0.0733158816220475,51.236920603211146,0.9939455512144972,5.167188757358551,4.3679855358028075,5.095254666835006
Lewis Diagrams Grade 10,https://www.youtube.com/watch?v=d2JrfO1mNYU,0,LewisDiagramsGrade10,24.0,0.0,4.05,0.0144788266535762,1995.3693801647755,0.7239183903034151,83.69984655117052,85.06273977510605,64.50599628489694,0.1771641481481481,0.1449572835690641,52.64209302413335,0.9979947726794508,1.373869426939306,1.3462845531761845,0.41089124044459546
Isotopes Grade 10,https://www.youtube.com/watch?v=zU8dXfKkVFg,0,IsotopesGrade10,25.0,0.0,7.895333333333334,0.023644362103882,2997.441258326104,0.5694322288978939,78.08713114681395,79.79610615988418,66.07544659265206,0.1651512623490669,0.2634277643830957,50.6879292454949,0.9974043218097572,1.902052618888397,1.9603210202073946,1.7249606877548505
Ionisation Energy Grade 10,https://www.youtube.com/watch?v=VKt_iaAyRyk,0,IonisationEnergyGrade10,25.0,0.0,7.0520000000000005,0.0159815777557126,2017.114131507245,0.7119480365839329,2.9121886660428724,3.113206653802038,1.6918582388790162,0.1528813008130081,0.2178090151455788,54.32512842144725,0.9982663714350908,2.1671958453762334,2.1678715565442466,2.4219983583493514
Are you ready for 5th grade math?,https://www.youtube.com/watch?v=bdBOVJlHtJE,1,Areyoureadyfor5thgrademath,29.909,1.2581911057692308,0.695442843291317,0.2798279217123932,3013.64678221424,0.2082803272756863,2.399352289549769,2.3192499638622595,1.892742526101036,0.2305913920608974,0.2591813207769221,55.471218296864734,0.9819071756962612,1.7568215751029432,1.764475511832373,2.436199448779675
"5th Grade Math 1.10, Numerical Expressions from Words",https://www.youtube.com/watch?v=eQgoDAsUW7Y,1,5thGradeMath110NumericalExpressionsfromWords,29.97002997002997,1.4344302793568908,0.6535695833333333,0.4617861471107612,2865.384952796487,0.1467724779158342,4.438674753391709,3.960487512360319,4.29805426691128,0.2622898607455085,0.5541183033372337,41.08439949860203,0.9718595666608656,1.9656767645317201,2.055153066988834,2.61002750237124
"5th Grade Math 2.7, Interpret the Remainder in Division",https://www.youtube.com/watch?v=FkRmFMwYcTA,1,5thGradeMath27InterprettheRemainderinDivision,29.90700104493208,1.4241429069015277,0.655364941825932,0.7282722432901053,2995.27759149551,0.1501384399758757,2.966474486684076,2.3238773763184795,2.714228595065727,0.2507124513760642,0.4979199715459941,42.3050260809329,0.9657105050420968,2.6237221297360547,2.1998413806723653,2.4451773314549117
"5th Grade Math 3.2, Place Value of Decimals, Read/Write Standard, Expanded, Word Forms",https://www.youtube.com/watch?v=Xbi5aqiRoSU,1,5thGradeMath32PlaceValueofDecimalsReadWriteStandardExpandedWordForms,29.97002997002997,1.2887036178564204,0.724242037037037,0.5995958455857632,2764.14412821863,0.1384517540114478,2.681071302924791,2.576843391485236,2.739976501531445,0.2545700708301168,0.5587165161642658,36.98743537384264,0.9641142063866268,2.270949154735384,2.7042765124663704,2.7861201676422134
"5th Grade Math 3.4, Round Decimals Using Place Value or Place-value Chart",https://www.youtube.com/watch?v=y-qf_h_LmY0,1,5thGradeMath34RoundDecimalsUsingPlaceValueorPlacevalueChart,30.0,1.374645428758455,0.678962962962963,0.6559450365287198,2747.703040533416,0.1586683269951274,2.479983088194852,2.677092488419148,2.572297661447512,0.2440372812568186,0.5021144268991423,39.23467716487937,0.9679653428464348,2.852880811124302,2.9983082284775926,2.8910834680762028
"5th Grade Math 3.5, Model Decimal Addition",https://www.youtube.com/watch?v=HQJ8E5kdgbw,1,5thGradeMath35ModelDecimalAddition,29.90700104493208,1.2702360047399184,0.7266971803920199,0.7916939132353219,1976.791960969809,0.1889530148931447,3.774895446823801,4.09818355875651,4.356934666071791,0.2566274313444118,0.4897890626466799,38.736672995184215,0.9671481941778556,2.509978800981746,2.1180865063868217,4.840561148824527
"5th Grade Math 3.6, Model Decimal Subtraction",https://www.youtube.com/watch?v=_SbKuvv-Jok,1,5thGradeMath36ModelDecimalSubtraction,29.887,1.371637436485822,0.6804519244710632,0.7908897089927563,2037.6167783087485,0.1345049967013112,5.923228162910201,6.049593210484304,6.126023020491234,0.2533352556188603,0.5223883909853878,39.41043993214519,0.9650547981799348,5.234748892956174,2.267336377541877,8.448020280516122
"5th Grade Math 3.11, Word Problem Solving, Add & Subtract Money",https://www.youtube.com/watch?v=MOlyYI6YdH0,1,5thGradeMath311WordProblemSolvingAddSubtractMoney,29.906,1.3814812913822303,0.6786193963307252,0.6368941930431502,2258.1494956152187,0.1727600987967495,2.881139539744191,2.728736188592283,2.577119749218894,0.2473822600823281,0.5426552167881867,43.69497402980387,0.9658254501815924,2.137199533956641,1.923963308148722,1.93678963188533
"5th Grade Math 4.6, Model Decimal by Decimal Multiplication",https://www.youtube.com/watch?v=bVxUqES_-LY,1,5thGradeMath46ModelDecimalbyDecimalMultiplication,30.0,1.336608213857314,0.6947222222222224,1.0755833955245024,2487.3248453207866,0.1380136904216201,3.70170114451386,3.3722701163273032,3.4984716390654262,0.2968220666019306,0.5832363581813927,37.5685370741914,0.9500541217226316,2.7611322297621204,1.956568765576824,2.9060516372902625
"5th Grade Math 5.2, Model Dividing Decimals by Whole Numbers",https://www.youtube.com/watch?v=yIx-yi23Kro,1,5thGradeMath52ModelDividingDecimalsbyWholeNumbers,29.914,1.220677630765426,0.750949016811155,0.8678630090813954,2215.452290555629,0.1118019859881089,5.376096768505113,6.163074881102966,6.108040094882829,0.2817089453740571,0.5128631733020872,38.82865598017379,0.9601969732010344,6.006661854837608,2.4835109454305258,10.101493301048329
"5th Grade Math 5.3, Estimate Decimal Quotients",https://www.youtube.com/watch?v=Jsu0HRcC40k,1,5thGradeMath53EstimateDecimalQuotients,29.918,1.1252068533221895,0.8203619808673623,0.6794479952761352,2495.438301159654,0.1588313874941986,2.403717777800967,2.0290054784470555,2.4233068924378154,0.2551506058203092,0.5497366094624385,39.80555437732793,0.9717397973973412,2.151063208225719,1.9738878323029612,2.089695985691964
"5th Grade Math 6.2, Model Subtraction with Unlike Denominators",https://www.youtube.com/watch?v=dtGI9E5_0_o,1,5thGradeMath62ModelSubtractionwithUnlikeDenominators,29.899001109877915,1.6277963219944422,0.5759320053330363,0.5445498301250936,2924.4542985742346,0.1415884668775197,4.290868863284308,3.7943232248784944,3.899073622170489,0.272636437194009,0.507556357892629,40.83319233609358,0.9677051801154806,3.459641079142482,2.9126239836757075,4.509849942823477
"5th Grade Math 6.10, Use Properties of Addition to Add Fractions",https://www.youtube.com/watch?v=i5QmUTkD-cQ,1,5thGradeMath610UsePropertiesofAdditiontoAddFractions,29.911,1.0931384193695752,0.8444282139578184,0.9570667104612466,2339.131843171848,0.17361183982326,2.9949727196913645,2.8691470435977053,3.132674313809429,0.3469364091171006,0.7694229662175214,31.99462152845085,0.9571549623914556,2.3306209612495263,2.2783161993288137,2.472316055474769
"5th Grade Math 7.1, Find a Fractional Part of a Group",https://www.youtube.com/watch?v=7ecCApEIoHI,1,5thGradeMath71FindaFractionalPartofaGroup,29.91,1.1655138821237214,0.791991358691459,0.5172968499518816,2306.080665322579,0.1993218748812101,3.923579460325483,3.114173544679716,3.289926834575731,0.257410228894301,0.5354251592598177,39.84482903248731,0.9656685262993304,2.3808229281738975,2.230022794033842,2.1922609253135628
"5th Grade Math 7.2, Model Multiplying Fractions & Whole Numbers",https://www.youtube.com/watch?v=bcB7EKRqP9A,1,5thGradeMath72ModelMultiplyingFractionsWholeNumbers,29.91,1.0313793103448277,0.8887774434414354,0.942362146851695,2672.099072084249,0.1483659157087454,3.834218367110176,3.3861039829950106,3.676494155382784,0.3165597015297806,0.6820859066283972,33.14980307954777,0.954776141469468,4.594734956991358,3.3061139689244055,3.826137301362888
"5th Grade Math 7.5, Compare Fraction Factors & Products",https://www.youtube.com/watch?v=ntQDtwr12tE,1,5thGradeMath75CompareFractionFactorsProducts,29.909,1.1841891668957931,0.7795012392290803,0.6773599306091792,2701.202010912138,0.177980856184,2.88377290932265,2.224977612535244,2.769192063137353,0.2505768224087984,0.5129915815933678,42.890392698396994,0.9643316506156268,2.7598105633003986,2.591874969117403,2.1565538257620394
"5th Grade Math 7.9, Multiply Mixed Numbers",https://www.youtube.com/watch?v=lj6ApYHiaWg,1,5thGradeMath79MultiplyMixedNumbers,29.91,1.1478094019827312,0.8042074942777049,1.13582290563239,2026.1346894086216,0.2027291752520869,2.780821460717684,2.525633794598517,2.636042157284783,0.2452934499776143,0.518091656152065,40.34611495303306,0.9576725603533058,3.26621737631073,2.7422788271552676,2.6362176348159934
"5th Grade Math 8.1, Model to Divide Fractions and Whole Numbers",https://www.youtube.com/watch?v=BA0kznlaVFY,1,5thGradeMath81ModeltoDivideFractionsandWholeNumbers,29.97002997002997,1.446579622756144,0.6452001111111111,0.7462304356033285,2554.216049376709,0.176089603268494,3.3303924908477143,2.849503988392427,3.093946339562651,0.2528313954619763,0.4943401358660466,38.73770992627267,0.9644568122011332,2.966325157481434,3.252098476641517,2.7068447514433114
"5th Grade Math 8.2, Word Problem Solving, Use Multiplication for Fraction Division",https://www.youtube.com/watch?v=bi2CLSuTmcs,1,5thGradeMath82WordProblemSolvingUseMultiplicationforFractionDivision,29.906,1.3518011126564673,0.6869142360348138,0.6307066341888251,2370.7116278804283,0.1703973832539925,7.016373893436334,6.807431382065531,6.498551532401538,0.2574554577125637,0.5001978651360607,37.782054072773406,0.969598470255002,7.095553354049126,3.9577402127928307,2.924897686069127
Moving Coil-Meter & Earpieces - (Lesson 17 of 17 -Physics Form 2 - Topic 6),https://www.youtube.com/watch?v=RdqYqgyaiwI,1,MovingCoilMeterEarpiecesLesson17of17PhysicsForm2Topic6,30.0,0.3662444681825119,2.184333333333333,0.2680733379439578,4456.864132365326,0.6327044000140507,72.49363439766738,67.6030820067668,64.69808955918684,0.1661513566305509,0.3666080420547794,78.28506696739515,0.9905920935439062,12.47624390783237,12.373377232593112,14.382561300487362
Magnetic Tape Pick Recorder & Moving Coil Loudspeaker -(Lesson 16 of 17 -Physics Form 2 Topic 6),https://www.youtube.com/watch?v=UNIQ14Fyjjs,1,MagneticTapePickRecorderMovingCoilLoudspeakerLesson16of17PhysicsForm2Topic6,30.0,0.6705337661646533,1.3049305555555557,0.2490686278998523,4892.20313485557,0.6000796735743489,90.4747062660103,88.35966667986399,85.87453540774196,0.1619640210739183,0.3415899747900072,80.75968563032205,0.9908422366153894,13.406731062850907,15.068582439383487,18.406184684292406
Magnetic Relay & Circuit Breakers -(Lesson 15 of 17 -Physics Form 2 - Topic 6),https://www.youtube.com/watch?v=izeby2uBVAk,1,MagneticRelayCircuitBreakersLesson15of17PhysicsForm2Topic6,30.0,0.4776119402985074,1.675,0.2863662783806877,3838.265973253223,0.6458016451381972,101.42478860475394,99.64062701634089,94.83797958004364,0.1562381691542288,0.2643511080811268,75.45712110695449,0.9904521401151348,11.815592949588078,13.430028378237989,16.06247746673576
A Simple DC Motor -(Lesson 14 of 17 -Physics Form 2 -Topic Magnetic Effect of an Electric Current),https://www.youtube.com/watch?v=dHQ1BFuFmxM,1,ASimpleDCMotorLesson14of17PhysicsForm2TopicMagneticEffectofanElectricCurrent,30.0,0.3084832904884318,2.43125,0.2514015618322567,3732.509263439714,0.6674629103746723,54.98883781032794,50.089581390888895,46.58266864217808,0.1610367917737789,0.3163908375579625,76.11370760646261,0.9920583321584796,10.804845427518993,12.433513890988142,14.918966427901045
Simple Electromagnet - (Lesson 7 of 17 - Physics Form 2 - T6 Magnetic Effect of an Electric Current),https://www.youtube.com/watch?v=IWQMvcq1yv0,0,SimpleElectromagnetLesson7of17PhysicsForm2T6MagneticEffectofanElectricCurrent,30.0,0.2741255901314787,2.7359722222222222,0.2499037381309361,2466.04168365186,0.7391462365798388,82.34627002467101,76.76046163367849,69.47394016749219,0.1412602304685517,0.3123206960844575,70.37508326364178,0.991406999405578,11.015943074938209,13.295239672900916,16.67447467152178
Children's Songs Lesson 1 - English Form 4 -Topic 4- Oral Poetry- KCSE Lesson Notes & Videos,https://www.youtube.com/watch?v=THyQ8iJZFck,1,ChildrensSongsLesson1EnglishForm4Topic4OralPoetryKCSELessonNotesVideos,30.0,0.1977261492832427,3.3716666666666666,0.3700650567296437,2991.8795059902614,0.6846147300674631,35.509366687979934,35.52075991857536,36.7970953125289,0.1749915570934256,0.3575955955552037,34.64927725342721,0.9814376893385024,15.432083517769088,16.92069024597048,19.408092348778435
Oral Poetry -War Poetry Lesson 5 -English Form 4- Topic Oral Poetry- KCSE Lesson Notes & Videos,https://www.youtube.com/watch?v=ghuuJNusnWE,1,OralPoetryWarPoetryLesson5EnglishForm4TopicOralPoetryKCSELessonNotesVideos,30.0,0.2125524000708508,3.1364814814814816,0.3486464200592488,3133.486780473879,0.6866253401053376,35.27812251835959,34.911501957221404,35.93147845799408,0.1665605668064001,0.3166251079396002,34.80810636008452,0.9819097750505724,16.109946954307546,17.539817810783433,20.067030215058768
Oral Poetry - Lullabies Lesson 3- English Form 4- Topic Oral Poetry- KCSE Lesson Notes & Videos,https://www.youtube.com/watch?v=5X9VPVt29ks,1,OralPoetryLullabiesLesson3EnglishForm4TopicOralPoetryKCSELessonNotesVideos,30.0,0.2908699165095609,2.5784722222222225,0.4092063220688006,2671.062502434662,0.7263562874621685,27.05689749137926,28.11526464567566,30.236679809228008,0.1610131494748182,0.335500345587198,35.89339276312008,0.9834388637387736,15.561417569464117,17.192668018630865,19.36618080340957
A TEST OF WISDOM || EXPLANATION || GRADE 4 || ENGLISH,https://www.youtube.com/watch?v=qg7kfYGJ33s,1,ATESTOFWISDOMEXPLANATIONGRADE4ENGLISH,30.0,0.1352265043948614,3.6975,0.6388376430292592,4106.02090401137,0.086456478676897,8.295021501239775,6.750121366522769,4.935154438354638,0.2387313770565697,0.3566620158280795,71.4324410271489,0.9583673910241524,26.89069835013229,27.797149868428793,26.39833745661528
POEM -ALL THINGS BRIGHT  AND BEAUTIFUL  || EXPLAINATION || GRADE 4,https://www.youtube.com/watch?v=eyNj6UGFMB4,1,POEMALLTHINGSBRIGHTANDBEAUTIFULEXPLAINATIONGRADE4,30.0,0.3401360544217687,1.47,0.5484912800955665,3533.662519050712,0.0774528740109069,16.95569365306346,14.395917030331177,10.91491501502338,0.2245621768707482,0.1333807387185962,72.3991666423834,0.9627259453818144,9.048685096023299,8.48656319646058,14.369796116360115
THE FLATTERED FLYING  FISH || ENGLISH POEM || SUMMARY || Empowering English || Grade 4,https://www.youtube.com/watch?v=h3yrPbid43s,1,THEFLATTEREDFLYINGFISHENGLISHPOEMSUMMARYEmpoweringEnglishGrade4,25.0,0.664599025254763,0.7523333333333333,0.6507216834872249,3673.0518710674382,0.1159994359486212,20.304463137010345,19.649666843904456,17.742104516442833,0.2379985821887461,0.0723475532698442,64.73516483806567,0.955691934991084,28.072391744858262,29.56753567201079,31.503222999211896
INCREDIBLE SOUTH AMERICA || REFERENCE GUIDE || GRADE 4 ||  EMPOWERING ENGLISH,https://www.youtube.com/watch?v=1UYGhBT9urQ,1,INCREDIBLESOUTHAMERICAREFERENCEGUIDEGRADE4EMPOWERINGENGLISH,30.0,0.2151051625239005,2.3244444444444445,0.8306160149342575,3997.666259610944,0.085809723915691,7.700638229321347,5.961296529035224,4.242516537454323,0.2476008126195028,0.2325468228968441,66.27781061820015,0.949030052926774,24.472687651381264,25.171906263991914,24.0553571820124
MY AUNT - POEM || REFERENCE GUIDE || ICSE || GRADE 4 || ENGLISH,https://www.youtube.com/watch?v=Zu2nq9_sA_U,1,MYAUNTPOEMREFERENCEGUIDEICSEGRADE4ENGLISH,30.0,0.3732890916632103,1.3394444444444444,0.6069220756683535,3455.983411828791,0.0709844948018559,9.193641868608166,7.515964260216397,5.540435339310784,0.2376551472418084,0.1286207696949752,68.65099412260506,0.9557076734041968,13.830102604324434,12.88968858910929,16.941743133877974
POEM - THE OLD WIFE AND THE GHOST || REFERENCE GUIDE || GRADE 4 || ENGLISH,https://www.youtube.com/watch?v=yE4nEpP5XlU,1,POEMTHEOLDWIFEANDTHEGHOSTREFERENCEGUIDEGRADE4ENGLISH,30.0,0.1661742983751846,3.008888888888889,0.6381460980017517,4769.636453047028,0.07638476908385,5.002863103831285,3.701426561612131,2.611771444994502,0.2541920827178729,0.3090347691240742,72.38202244819207,0.9584900331050984,14.375834538203563,15.315181720789635,16.780520546016778
SPIES || REFERENCE GUIDE || ENGLISH || GRADE 4,https://www.youtube.com/watch?v=qVlF00t1SmQ,1,SPIESREFERENCEGUIDEENGLISHGRADE4,30.0,0.0,8.446111111111112,0.6914436933236243,5728.5741073857125,0.080392979372992,5.2816837483879855,4.691147248255408,5.159455684512395,0.2499583818983095,0.426514375384979,73.01967731977976,0.9567702567820012,16.306678359308677,16.36435471274862,17.962513520284592
POEM  COLONEL FAZACKERLY || REFERENCE GUIDE || GRADE 4 || ENGLISH || ICSE,https://www.youtube.com/watch?v=Hd2CqfXkNEQ,1,POEMCOLONELFAZACKERLYREFERENCEGUIDEGRADE4ENGLISHICSE,30.0,0.0,3.82,0.7314122581156606,7375.57137631488,0.2060720224313348,36.19496904956636,40.639341383109496,12.748775099618124,0.3007998603839442,0.2321401023619071,72.23210413328857,0.9537308921544316,10.422302859697664,11.825888499824956,5.444276018151273
Poem  The Blind Boy || Reference Guide || Class 4 || ICSE || English,https://www.youtube.com/watch?v=IBdaVasXf3g,1,PoemTheBlindBoyReferenceGuideClass4ICSEEnglish,30.0,0.0,7.336666666666667,0.4753425883001248,8367.475860980825,0.4541369396308712,88.30474991659213,67.58678866910164,72.72365356961953,0.2588745297592004,0.3837048504582145,75.63211889386409,0.9687858946731892,9.856743031678254,10.888958130283736,5.9063162025113405
Chapter   Ruins in the Forest  || Reference Guide || Grade 4 || Empowring English || ICSE,https://www.youtube.com/watch?v=H9dp2kj2ffA,1,ChapterRuinsintheForestReferenceGuideGrade4EmpowringEnglishICSE,30.0,0.0,2.801111111111111,0.6321426181891964,7474.25064763672,0.4426494619553821,79.9205331654002,55.15469521942561,61.557567016011774,0.255482570408568,0.1445775268897117,70.8631417000452,0.961749591131168,16.0190163208706,17.261862801307476,14.837370366433946
Chapter  The Sea Storm|| Reference Guide || Empowering English || Grade 4 || ICSE,https://www.youtube.com/watch?v=JTePlo1_xrw,1,ChapterTheSeaStormReferenceGuideEmpoweringEnglishGrade4ICSE,30.0,0.0,2.582777777777778,0.5148998450335908,7354.688499934964,0.0830390265642718,14.647002868440186,14.142600643646126,13.961326098576777,0.2532069176166918,0.1321209798433462,74.34896297430053,0.9604910546705966,20.336954481431178,18.378855627362164,22.912174524841998
Chapter  Pandoras Box|| Empowering English || Grade 4 || ICSE,https://www.youtube.com/watch?v=qrHOrYak3xc,1,ChapterPandorasBoxEmpoweringEnglishGrade4ICSE,30.0,0.0,4.486111111111112,0.969879519664002,7593.854212384251,0.0722520127416122,6.453298515363681,5.678897476025589,6.028770755100772,0.3157112470588235,0.2861338628556888,66.25018459978341,0.9342984151105994,16.399233224380843,14.369920791491516,17.07411292141339
Chapter  Finding the Wood|| Reference Guide || Grade 4 || Empowering English || ICSE,https://www.youtube.com/watch?v=FCpKxXzP4nY,1,ChapterFindingtheWoodReferenceGuideGrade4EmpoweringEnglishICSE,30.0,0.0,1.836666666666667,0.7909865532121991,7387.418528271215,0.0822009912737844,12.772188711421265,12.557291804738837,12.646922445798952,0.2987727041742286,0.1108614208400326,68.5921229811199,0.9444971571303434,20.835556179997454,19.295134463360057,23.923485865832184
Chapter  Mrs. Twit|| Reference Guide || Grade 4 || Empowering English || ICSE,https://www.youtube.com/watch?v=OJEEHLKFqTU,1,ChapterMrsTwitReferenceGuideGrade4EmpoweringEnglishICSE,30.0,0.4455445544554455,1.1222222222222222,0.7233421205475218,6853.119259221924,0.076900943185035,6.361535648133179,4.83965104343508,5.459384892267657,0.2760833465346535,0.1251867166188478,68.32625899832749,0.9476607921156996,12.766984847115378,10.382671070298075,17.654858502128658
Poem  Louder than a clap of Thunder|| Reference Guide || Empowering English || Grade 4 || ICSE,https://www.youtube.com/watch?v=WCxwnwBaHAs,1,PoemLouderthanaclapofThunderReferenceGuideEmpoweringEnglishGrade4ICSE,30.0,0.0,3.362777777777778,0.6780264362380365,7128.152979604166,0.0908112593644807,4.012421283516476,2.959588783608622,3.628240078339904,0.2689934511812324,0.1827464941533014,68.5629760323189,0.9525486310723288,21.443356540103515,19.986974618550292,23.196265655586643
Poem  Flint|| Reference Guide || ICSE || Empowering English || Grade 4,https://www.youtube.com/watch?v=h-nYNXfNqzE,1,PoemFlintReferenceGuideICSEEmpoweringEnglishGrade4,30.0,0.7948774563921396,0.8387037037037036,0.647617373385292,6911.975372983875,0.1097711865636451,3.665513558776824,3.127412888044725,3.0244243533573774,0.2428754427025833,0.1234589557186957,71.9889629896149,0.9544368631116265,21.581100189718043,19.245798051221325,24.082931840418766
Chapter  The Magic Bowl|| Reference Guide || ICSE || Grade 4 || Empowering English,https://www.youtube.com/watch?v=YdklnHUqvw4,1,ChapterTheMagicBowlReferenceGuideICSEGrade4EmpoweringEnglish,30.0,0.0,7.051111111111111,0.7463886613892428,7260.442943928797,0.0857326476784861,4.621483778782614,3.3147785727665173,3.783568750324224,0.2797489127009139,0.3985062562744501,70.85750768465783,0.9491335896438248,26.108425856746667,23.403824560348728,24.712405480069496
Poem  The Cruel Naughty Boy|| Empowering English || Grade 4 || ICSE,https://www.youtube.com/watch?v=3RpLhmciXuE,1,PoemTheCruelNaughtyBoyEmpoweringEnglishGrade4ICSE,30.0,0.0,4.294444444444445,0.6311680404283649,6587.652255583421,0.0996446389561193,4.612787424545905,4.085074572730297,4.65770212134038,0.2417645433376455,0.2097532871862613,71.25468987287738,0.9648105567951372,21.41826352819944,20.09838143898018,23.17972804166217
Poem  Godfrey Gordon Gustavus Gore|| Reference Guide || Grade 4 || ICSE || Empowering English,https://www.youtube.com/watch?v=L2Wi_SRa1Ws,1,PoemGodfreyGordonGustavusGoreReferenceGuideGrade4ICSEEmpoweringEnglish,25.0,0.0,2.618666666666667,0.7841710024753364,7668.465236352848,0.0844941954708815,3.616799273011012,2.774145286422657,3.2368204908399645,0.2854401221995926,0.1510095512656836,65.10247863385317,0.9434562599455436,17.591499624926268,16.634994250306438,21.149410217323943
Poem  An Irish Airman Foresees His Death|| Magic Lantern || Class 7 || English || ICSE || CBSE,https://www.youtube.com/watch?v=X_Vdsqqt6Jg,1,PoemAnIrishAirmanForeseesHisDeathMagicLanternClass7EnglishICSECBSE,30.0,0.0,3.105,1.000718366764172,6465.030935262847,0.4513904315314522,68.00710550236928,75.49634894858764,57.69070703774789,0.3182353193773483,0.1996269452260116,67.2053985471318,0.941728010501222,5.075873410703169,7.283827732629223,9.584659163829267
Chapter 12  Huck and Jim Escape|| English || Magic Lantern || Grade 7 || ICSE || CBSE,https://www.youtube.com/watch?v=CFob4wPisgA,1,Chapter12HuckandJimEscapeEnglishMagicLanternGrade7ICSECBSE,30.0,0.0,7.033333333333333,1.3354902305726597,5808.895238185098,0.4737069615275961,78.97109116233727,90.15262546564874,64.51530321701608,0.314284018957346,0.4465732212387583,60.71964735870703,0.928792553909768,4.945995183126554,6.114840296670992,7.4544946385488915
Chapter 11  Malala =The girl who spoke out|| English || Magic Lantern || Grade 7 || ICSE || CBSE,https://www.youtube.com/watch?v=pTa6Q7aizNc,1,Chapter11MalalaThegirlwhospokeoutEnglishMagicLanternGrade7ICSECBSE,30.0,0.0,5.038333333333333,1.271751829062742,5935.577688488108,0.4886921962634437,75.05802698116837,84.6244650819436,62.786489595403545,0.3176917763810784,0.3233717285886716,61.74815697934267,0.9286745844671456,6.020115358544517,7.308415591200263,8.677385941384312
Chapter 10  Little Brother|| Magic Lantern || Grade 7 || ICSE || CBSE || English,https://www.youtube.com/watch?v=NLT9LGTQzQQ,1,Chapter10LittleBrotherMagicLanternGrade7ICSECBSEEnglish,30.0,0.1458907440427946,3.427222222222222,1.2817150885725104,6854.096814198042,0.4437344800567437,62.55382996223885,67.53800380183037,54.42384969122914,0.3096688604311882,0.4288238929175594,63.51290806935643,0.9281521298642902,5.081977773211575,6.154828688691222,7.969533293991645
Poem  Indias Pride|| ICSE || CBSE || Grade 7 || Magic Lantern || English,https://www.youtube.com/watch?v=a2UfamERrE8,1,PoemIndiasPrideICSECBSEGrade7MagicLanternEnglish,30.0,0.0,2.89,1.150758229371315,7602.715535230121,0.3933426687864471,53.35286131790148,54.81952427534972,44.66404296575456,0.3124698039215686,0.1824379048130643,63.4631242150412,0.9321418185257002,5.293291422392374,7.434696732774885,9.806741250937547
"Chapter 9  Corvus, The Intelligent Crow|| English || Magic Lantern || Grade 7 || ICSE || CBSE",https://www.youtube.com/watch?v=5LUoVHGHW5o,1,Chapter9CorvusTheIntelligentCrowEnglishMagicLanternGrade7ICSECBSE,30.0,0.0,6.542777777777777,1.286059106780571,6799.76780769054,0.4387927609030538,62.91510434605065,68.52765402190066,56.0914202127111,0.3485193716566188,0.4606788464458527,63.31206439853644,0.9221195500294712,5.66048771235676,6.887297776394344,8.12557114947382
"""Chapter 8  The Ways of the Jungle|| Grade 7 || Magic Lantern || CBSE || ICSE || English",https://www.youtube.com/watch?v=_bnNG1-tiJ0,1,Chapter8TheWaysoftheJungleGrade7MagicLanternCBSEICSEEnglish,30.0,0.0,6.321111111111111,0.9428188676900576,7366.715279114499,0.4434162583182008,43.58141194086065,44.1961800031383,37.67813094152276,0.2878704869045527,0.3676205200166761,67.72167141225938,0.9440972240949924,7.252205734254214,7.628311099848537,8.485184073193334
Poem  The Tyger|| Magic Lantern || Grade 7 || ICSE || CBSE || English,https://www.youtube.com/watch?v=aqe1hBBstaw,1,PoemTheTygerMagicLanternGrade7ICSECBSEEnglish,30.0,0.0,3.898333333333333,0.8593567664387974,7354.42416836831,0.4546718408473388,38.8322692928487,36.18529501440358,29.66290787476549,0.270433552800342,0.2129848554447768,67.89167448700438,0.949351909455404,5.9081993953373075,7.542133525710908,9.568964309438
Chapter 7  My School Days|| Magic Lantern || CBSE || ICSE || Class 7 || English,https://www.youtube.com/watch?v=0OnqUl9TEds,1,Chapter7MySchoolDaysMagicLanternCBSEICSEClass7English,30.0,0.0,6.846666666666667,1.085280663191056,7167.03157928881,0.4540612935297092,55.07086877158169,54.921672941683816,45.456211005198114,0.2909587147030185,0.4024572288197769,64.34313489613552,0.9354012603172436,8.16037611024999,8.639958814724448,9.178373294057064
Poem  If Only I Were|| Magic Lantern || CBSE || ICSE || English || Grade 7,https://www.youtube.com/watch?v=TjD9Wn-tQ4A,1,PoemIfOnlyIWereMagicLanternCBSEICSEEnglishGrade7,30.0,0.0,2.303333333333333,1.1862901681054254,7479.209696782898,0.4118946513014758,43.40184678480946,32.49687351836335,26.52417787228536,0.2989643994211288,0.1391186795113028,60.43953805448149,0.9324063243731756,5.809087169906941,8.984332987668694,10.91118294943457
Local Self - Government In Urban Areas: Municipal Bodies || Reference Guide || HISTORY & CIVICS,https://www.youtube.com/watch?v=KiuM_Rl_r8s,1,LocalSelfGovernmentInUrbanAreasMunicipalBodiesReferenceGuideHISTORYCIVICS,30.0,0.1222244856386229,4.090833333333333,0.9933613635690488,5480.624716376639,0.2110207426953041,43.66036294972318,38.8663307807726,31.134540589542127,0.2726540802607456,0.4506744748533224,68.75545378648437,0.9440470377959804,8.661521458339388,10.48369653388071,9.830810126042584
Chapter 9  The Rise of Magadha|| Reference Guide || Grade 6 || History & Civics || ICSE,https://www.youtube.com/watch?v=N8BtUZ8-3y4,1,Chapter9TheRiseofMagadhaReferenceGuideGrade6HistoryCivicsICSE,30.0,0.254416961130742,2.6203703703703707,1.0919573550542492,5400.007638737007,0.3030392078727282,94.29607931694488,98.68860751127065,82.03295016261166,0.2922597710247349,0.4641540591337016,66.29753992286273,0.9380129891422588,6.710355327039335,6.989352653385452,5.552163797174265
Ch.8  Mahavira & Buddha Great Preachers|| ICSE || CBSE || Grade 6 || History & Civics,https://www.youtube.com/watch?v=aJvlfi7F-Xw,1,Ch8MahaviraBuddhaGreatPreachersICSECBSEGrade6HistoryCivics,30.0,0.1399688958009331,3.5722222222222224,1.1572310651508049,3709.2882598198175,0.1314016107147604,16.020204545134007,3.336845916880521,10.531828133258449,0.3303036018662519,0.4767502741033501,58.00779730986238,0.922950441656924,30.505586143800713,7.104932124227504,15.824058427403443
Ch.7  The Vedic Age || Grade 6 || History & Civics || CBSE || ICSE,https://www.youtube.com/watch?v=igASGXSx8KY,1,Ch7TheVedicAgeGrade6HistoryCivicsCBSEICSE,30.0,0.1154586273252085,4.330555555555555,1.3195832403903989,6385.17071344796,0.2824740808539525,86.13827037688135,90.31100830548746,79.82402962993623,0.3529534060295061,0.6175898725374639,59.518862044666434,0.9161763344828112,6.806761288575674,6.852732915338905,5.465922610522134
ICT Grade 10 (English Medium) Chapter 1 - (Part 1) -Information and Communication Technology,https://www.youtube.com/watch?v=HndOJzDpIvY,1,ICTGrade10EnglishMediumChapter1Part1InformationandCommunicationTechnology,25.0,0.9286009079653322,0.923047619047619,0.3319863616547768,1727.6272501662777,0.6899780744013491,78.62783666682722,76.15164883095215,78.0523019076657,0.1782762690879075,0.2327152594492623,73.0560677879579,0.9804788073135078,8.038936380562104,8.004887075491796,8.045154062169352
ICT Grade 10 (English Medium) Chapter 1 - (Part 2) -Information and Communication Technology,https://www.youtube.com/watch?v=78n4DdD4vtc,1,ICTGrade10EnglishMediumChapter1Part2InformationandCommunicationTechnology,29.97002997002997,1.195307223839207,0.7768475,0.4545217394428104,2740.772884714755,0.5758032536292809,72.66092239915258,71.71722911921323,74.33053948873162,0.1952907285995182,0.4290961443545161,71.92150645129973,0.9772993462006344,11.126477886731704,9.269981545731095,10.801826703081181
ICT (English medium)- Grade 10 Chapter 2 - (Part 3) -Fundamentals of a computer system.,https://www.youtube.com/watch?v=dANnzmxhlDE,1,ICTEnglishmediumGrade10Chapter2Part3Fundamentalsofacomputersystem,29.97002997002997,2.563453788760964,0.3723669444444444,0.6465766414458334,5117.643500652857,0.3221735992447681,99.15499989941544,98.16754102417065,99.84985261687235,0.1997073078303137,0.3305193860828416,65.23809198388672,0.9674895925746916,11.682562496775784,13.419368650433093,17.795547765588893
An Artist of the Floating World Characters and Characterization Episode 4 | EasyElimu,https://www.youtube.com/watch?v=KHQOgRf2oVA,1,AnArtistoftheFloatingWorldCharactersandCharacterizationEpisode4EasyElimu,30.0,0.3924133420536298,2.038666666666667,0.3180355925811073,2330.4636871195053,0.5568789777780035,14.5517661496256,18.8305471554292,22.98195614886522,0.1900567298888162,0.3913890374983726,35.18467232033098,0.9825217849324204,14.18127399339337,15.88533335134168,18.01624508207677
Language and Style in Episode 2 of An Artist of the Floating World | EasyElimu,https://www.youtube.com/watch?v=wfXwvXEj3RY,1,LanguageandStyleinEpisode2ofAnArtistoftheFloatingWorldEasyElimu,30.0,0.398693172379423,2.0065555555555554,0.3070882273638022,2647.115358440614,0.5406775562072262,14.71939395431628,20.042483107804188,25.161111089170628,0.183840677778393,0.3726249954510278,35.57626440386644,0.982999764431014,14.282105581077676,16.031236512096022,18.247953489904443
Language and Style in Episode 3 of An Artist of the Floating World | EasyElimu,https://www.youtube.com/watch?v=mr3_1Sg7hRY,1,LanguageandStyleinEpisode3ofAnArtistoftheFloatingWorldEasyElimu,30.0,0.1855191960834836,3.593518518518519,0.3322416546923215,3261.326601661826,0.5981557235376846,23.732635357828304,25.05154761080194,27.46323824991811,0.1861683401185261,0.4054675911022078,34.740364562198025,0.9809189373381711,14.860700026847503,16.69470260470088,19.12050458347309
The Changing Values in Japan and Intergenerational conflicts in An Artist of the Floating World,https://www.youtube.com/watch?v=oMZKjA6rauo,1,TheChangingValuesinJapanandIntergenerationalconflictsinAnArtistoftheFloatingWorld,30.0,0.5947660586835845,1.401111111111111,0.3713594450290122,3214.9567830565347,0.5089065125486537,16.00385258979555,19.903451500412032,24.14537385342657,0.1920409992069786,0.3261571945371606,34.52571792445194,0.9802058548946752,15.518301904712764,17.122418935460356,19.430715972793017
Themes of Disillusionment and Pessimism and Loss and Grief in An Artist of the Floating World,https://www.youtube.com/watch?v=gmsf3mc53ok,1,ThemesofDisillusionmentandPessimismandLossandGriefinAnArtistoftheFloatingWorld,30.0,0.533056933441919,1.500777777777778,0.3609979868318058,3213.037126591449,0.5277771384658023,17.417761905630496,21.407874669173648,25.812496660525497,0.190753801732435,0.2891803475460507,34.62857819969414,0.9794827413815576,17.101848391054126,18.751813745447684,21.043241365551584
Theme of Marriage Negotiations in An Artist of the Floating World | EasyElimu,https://www.youtube.com/watch?v=D9UqUgzUmqU,1,ThemeofMarriageNegotiationsinAnArtistoftheFloatingWorldEasyElimu,30.0,0.4696673189823874,1.7033333333333336,0.3887579380123712,3326.4026102262333,0.5216949753403547,15.921924397439586,21.16968529252596,26.2780248004579,0.194808892367906,0.3351873385922998,33.74059590712568,0.981067331713077,15.383610109379209,16.83749676950111,19.02224713042617
"Themes of Admiration, Satisfaction and Reassurance; and Religion in An Artist of the Floating World",https://www.youtube.com/watch?v=iLTOU3INkkQ,1,ThemesofAdmirationSatisfactionandReassuranceandReligioninAnArtistoftheFloatingWorld,30.0,0.4648760330578512,1.7925925925925927,0.2885408788515153,3043.594761279087,0.5487966947353105,14.266407811266314,18.302477594544133,22.60434004953365,0.1835211074380165,0.3987751136596549,33.975632942228216,0.983499631019843,13.875640184849518,15.487156101487487,17.583213745466953
Themes of Hope and Optimism; and Identity in An Artist of the Floating World | EasyElimu,https://www.youtube.com/watch?v=U2CQbGWnje4,1,ThemesofHopeandOptimismandIdentityinAnArtistoftheFloatingWorldEasyElimu,30.0,0.2169981916817359,3.0722222222222224,0.3238552316667385,3961.034321051232,0.586504845517288,25.55073464069049,26.54134575911081,28.71205657570749,0.1844405352622061,0.3434309515593122,36.09566904586851,0.9827031360332182,16.029652056950724,17.354608104750938,19.625077219258056
Theme of Politicization of Art and Imperialism in An Artist of the Floating World | EasyElimu,https://www.youtube.com/watch?v=e-bsMyqa5OM,1,ThemeofPoliticizationofArtandImperialisminAnArtistoftheFloatingWorldEasyElimu,30.0,0.3110419906687403,2.143333333333333,0.477236006380642,3562.047344193966,0.6095944046254749,20.00345432463412,22.4459325442768,26.65895052216872,0.1860207153965785,0.2416470298774335,34.645253335669935,0.9760567064392558,19.142526595012743,21.24520267665453,24.262846876017978
Parliament of Owls Act 4 Plot Summary - EasyElimu,https://www.youtube.com/watch?v=ZglTnYjN5vk,1,ParliamentofOwlsAct4PlotSummaryEasyElimu,30.0,0.8688656476267096,0.9865079365079364,0.8002254430953737,3538.6532247255186,0.4740709361953522,20.007469355689977,24.125196510947298,28.66594237062393,0.2414275462590507,0.3368174800992065,33.16806996281926,0.955360656870218,19.50372734029539,20.179757197556597,21.78113505994615
Parliament of Owls Theme 5 of 9: Monarchy - EasyElimu,https://www.youtube.com/watch?v=uZVd5ozJUUQ,1,ParliamentofOwlsTheme5of9MonarchyEasyElimu,30.0,0.4648520221062961,1.7926851851851853,0.2887517517244862,3347.9849508685584,0.5040326762311059,14.179594616490446,17.663253662848017,21.42534899060257,0.1961505707349827,0.4262398343099358,34.2781572185865,0.9817134835898464,13.748532112893349,15.226554051002298,17.27724260159136
Parliament of Owls Theme 9 of 9: Corruption and Bribery - EasyElimu,https://www.youtube.com/watch?v=W3A3KYmnmyw,1,ParliamentofOwlsTheme9of9CorruptionandBriberyEasyElimu,30.0,0.4425322679778734,1.807777777777778,0.3626836685178547,3699.863799335752,0.4842759969850663,15.449361469800449,19.174760634331804,23.2849925352006,0.1988284499078057,0.3630803562493692,35.686372252832534,0.981877055798634,14.914238716137685,16.384593693818616,18.537327061862822
Stylistic Devices (Language and Style) in Act 3 of Parliament of Owls - EasyElimu,https://www.youtube.com/watch?v=Vka-AeAp6EM,1,StylisticDevicesLanguageandStyleinAct3ofParliamentofOwlsEasyElimu,30.0,0.4741209008297116,1.6873333333333331,0.3432069429382314,2632.182146541166,0.5636887780767611,16.64045135499286,20.467835288418133,24.626911053645163,0.1778397313314895,0.3031160007963631,35.43348881639606,0.981259596597632,16.230430716640594,17.995592257039295,20.209830799102217
Stylistic Devices (Language and Style) in Act 4 of Parliament of Owls - EasyElimu,https://www.youtube.com/watch?v=zfGJ7bsNxt0,1,StylisticDevicesLanguageandStyleinAct4ofParliamentofOwlsEasyElimu,30.0,0.5686754600742436,1.406777777777778,0.2229804832916442,3097.400053870684,0.5404582139925262,17.544101091950846,21.802770391411435,26.310215972603125,0.1797184487797172,0.2553861513691591,35.37952279710253,0.98138502602288,16.780589840062078,17.98489538760795,19.895245792676096
"Introduction - Lights, Shadows and Reflections - | Class 6 Science Chapter 8",https://www.youtube.com/watch?v=3bOJfnCVFsk,1,IntroductionLightsShadowsandReflectionsClass6ScienceChapter8,29.97002997002997,0.7599775152207927,1.1696252469135802,3.776419401488787,5396.817162915892,0.1503119652285827,52.58529904006917,40.38305414530141,37.92550683541023,0.4702205206700954,1.0,17.900263564763918,0.851782170454592,10.001797687965164,9.202100664547768,9.348948800218274
