Video URL,Video Title,Presentation Complexity,Cleaned Video Name,Frame Rate (fps),Scene Transition Rate (Per Min),Average Scene Duration (in Mins),Average Motion Intensity,Average Texture Contrast,Average Texture Homogeneity,Dominant Color Standard Deviation (R),Dominant Color Standard Deviation (G),Dominant Color Standard Deviation (B),Bit Rate (Mbps),Compression Ratio,Average PSNR (dB),Average SSIM,Average Color Standard Deviation (R),Average Color Standard Deviation (G),Average Color Standard Deviation (B)
https://www.youtube.com/watch?v=WUCqyx8-jxc,Inequalities,1,Inequalities,23.847718526663,0.7761665915919611,0.858922135902933,5.317080987989902,3516.6871817331235,0.1592713929072648,65.48748213177869,61.190302775958784,51.974359577296944,1.3694028774889653,0.0025961554383708025,18.290714748425465,0.693378902616539,23.31253810187876,21.821213382502428,17.634905516379064
https://www.youtube.com/watch?v=xNZWb4ufpas,#class_6_English.#Complex_sentences_Topic.#Thursday_Lecture.#Activity_is_Grammar,1,class6EnglishComplexsentencesTopicThursdayLectureActivityisGrammar,29.612,1.5237735849056602,0.5468878982994883,4.401581969130691,2866.359647591879,0.0806653722927111,65.06718869900288,56.77358196258081,55.17871526745445,0.42678756703396226,0.002606455424925354,19.836557262395736,0.6030840399090486,15.121146851515277,12.88761631312667,11.656575502065852
https://www.youtube.com/watch?v=6Jvcn93RF2I,CONTROL SYSTEM I Semester Question l 2023-2024 I MCQ & Section B,1,CONTROLSYSTEMISemesterQuestionl20232024IMCQSectionB,29.561,0.0,7.997023104766415,1.9526784814482818,1085.8155037262873,0.24061834099612553,10.211328854982085,9.070987799488845,7.3806697334514055,1.185713218003384,0.0018134552038290405,28.623526816703414,0.852292599989649,5.360041864786557,5.949866291697076,4.751443073459424
https://www.youtube.com/watch?v=lpTEuqnFTHQ,Indian Market and its environment| unit 1 | marketing environment,1,IndianMarketanditsenvironmentunit1marketingenvironment,30.0,0.0,3.0955555555555554,6.006191973307648,722.6294913781799,0.11230925099001411,53.54386451515262,48.105199459660945,39.47789570184979,1.373970279971285,0.002070629400516139,21.97750053577204,0.629971643311495,16.015223339106953,16.20544092813412,18.851501803239415
https://www.youtube.com/watch?v=d6A9G5fVy1o,4 p's of marketing| marketing mix,1,4psofmarketingmarketingmix,30.0,0.305136463807425,1.638611111111111,6.284729923824875,988.905652406925,0.10158301548943395,44.19854991139286,39.97960584481046,39.29991790870186,1.8736626682488557,0.002823686264601502,19.733966434058935,0.5743483043985306,15.929912044461757,15.96185772425004,14.323962864811953
https://www.youtube.com/watch?v=Lh0EmT3sDg8,9th T chemistry (chapter#8),1,9thTchemistrychapter8,30.0,0.6434480645490757,1.3598611111111112,7.905992270613009,3352.079304131781,0.08755557027694322,61.68251691199397,59.40224248855864,56.355322549756636,0.8642981677050352,0.002928410718707428,16.966623674463207,0.5309836221196994,16.48746623975927,15.752132810897024,14.119757309852051
https://www.youtube.com/watch?v=QnHNrwFaavE,"10th T class chemistry (oxides of C, S and N)",1,10thTclasschemistryoxidesofCSandN,30.0,1.139000210925965,0.8104273504273505,9.039407949281644,2911.7750152115955,0.09745489808785215,71.67371978047747,67.90447916738451,62.879804065689825,0.9968184728960136,0.0033774153523723244,16.659806127498214,0.5488584349795735,18.36630928439981,17.891340539592722,16.37363009663054
https://www.youtube.com/watch?v=N8D8ZPk_eOA,question 1,1,question1,29.97002997002997,0.2693531752848709,2.4750651851851853,0.061748274718998485,3083.402214985694,0.6148794747316891,62.18080666583357,50.641630395215486,47.992121406450636,0.3649378003662006,0.0005583783611994098,50.07230230315464,0.9960405651641889,11.650369684784753,11.241205886104007,10.857927650441194
https://www.youtube.com/watch?v=pw9YwLmDoT0,"the wind and a boy | Summary, title, themes, setting, characterisation",1,thewindandaboySummarytitlethemessettingcharacterisation,49.95004995004995,0.0,6.680006666666666,0.08104608444901526,1277.755386399299,0.8482752584287556,4.66034680939447,4.643667129189697,4.658640466525336,0.18662043251453844,0.00018017655569738903,55.311930960961845,0.9933153190534894,1.477299642948025,1.41907586997118,1.6801477845703146
https://www.youtube.com/watch?v=cllO8C7xz-M,"Grade 12 Finance (How to determine future value, scrap value)",1,Grade12FinanceHowtodeterminefuturevaluescrapvalue,30.0,1.513399894902785,0.6218954248366013,3.2189765477931847,6751.8097581541015,0.4902451856108377,74.64184408285844,74.89316218755562,80.43581495428957,0.40859028901734107,0.0006568130931991722,44.560620400745464,0.8939730356546415,40.87288159044234,41.37206156913691,45.383619742262916
https://www.youtube.com/watch?v=Qps4o5oS5rQ,Grade 12 Finance (compound interest explained),1,Grade12Financecompoundinterestexplained,30.0,1.2805528736216272,0.7288518518518519,1.7463088803892628,6880.386745950128,0.525432165388869,65.93766914348812,69.90605827712785,75.49216311693003,0.46280777275268054,0.0007439682560967729,38.88062573516534,0.9021608417797312,36.23551497372007,39.076207366294604,42.97457242051001
https://www.youtube.com/watch?v=oe1b45y1_UE,Grade 12 Finance ( How to calculate interest earned & Monthly installment),1,Grade12FinanceHowtocalculateinterestearnedMonthlyinstallment,30.0,1.5228426395939085,0.591,1.937400306666479,7378.994220885009,0.5398677222157281,61.865208918974425,65.57134330849945,70.78800681154594,0.42446982515510434,0.00068233961091034,40.74385475704032,0.9139354891329515,28.29689137155817,30.292443179416505,33.137279827280885
https://www.youtube.com/watch?v=Mp5_ouj85JU,BETWEEN A ROCK AND A HARD PLACE BY,1,BETWEENAROCKANDAHARDPLACEBY,30.0,0.26641012358469623,2.5024074074074076,0.11769745306525793,5546.216123676765,0.4007904811496286,0.6137863181738181,0.9346627868384779,1.0863161113562059,0.5064349885295641,0.0007632182384041705,70.76081471995568,0.9920639498803175,3.290494020014322,6.355856174158287,5.653066518811263
https://www.youtube.com/watch?v=rVeu6HLZlwU,"1K SUBSCRIBERS-THANKS WE'RE MAKING IT HAPPEN,,,,,,, BETWEEN A ROCK AND A HARD PLACE",1,1KSUBSCRIBERSTHANKSWEREMAKINGITHAPPENBETWEENAROCKANDAHARDPLACE,30.0,0.0,10.408888888888889,0.09821696384593599,5547.157067628736,0.36357563747267485,59.967557863898634,68.72654150937642,35.328536010426625,0.4048791417591802,0.0006101694241885794,54.54411654095568,0.9927883277201252,12.398894433373023,13.172015050939711,18.372490281347318
https://www.youtube.com/watch?v=mZLsGdYbU2A,English IGCSE Revision session 2,1,EnglishIGCSERevisionsession2,29.97002997002997,0.2020110990509238,3.300148703703704,2.1694812874384164,3172.3629087860504,0.07792452082953294,6.128470376699357,8.875617975477857,26.18565964862535,1.190903022720132,0.0017965342968491577,22.333517215905513,0.886340148266248,10.342972942473587,8.245406766208442,16.811767689888818
https://www.youtube.com/watch?v=6SOkhA3GMeA,English IGCSE Revision session 1,1,EnglishIGCSERevisionsession1,29.97002997002997,0.20745290703758631,3.2135807407407406,2.508693870369164,4423.398161324827,0.07111548823324165,76.97358943885948,66.69225689444139,57.153216650403785,1.060923225367157,0.0016004535418362453,22.36510036028398,0.9034632292997886,9.194497179442427,8.762811935757567,16.622978012885834
https://www.youtube.com/watch?v=efkdmIzu5UQ,English IGCSE Revision Session 3,1,EnglishIGCSERevisionSession3,30.0,0.322061191626409,2.07,0.08919858749740134,4431.04350745643,0.6456825735292565,2.1694359371249443,22.28835947194426,64.02711656635407,0.3215710144927536,0.00048462066950706747,85.24857155867342,0.9972751042686392,5.172244387590665,20.480822888330827,50.589579850687464
https://www.youtube.com/watch?v=CuEZjTztniY,Lady Macbeth Acts 3 and 5,1,LadyMacbethActs3and5,30.0,0.0,10.15611111111111,0.0231472846440611,1206.7801319001846,0.4801429436057724,1.016241395290388,0.43718886506355153,1.7942276580769438,0.2691745134292435,0.0009141566189210419,83.20074158249523,0.998094984325402,3.7719285305550767,2.7503538567711834,1.1658200136948356
https://www.youtube.com/watch?v=C8oY44PJzrY,Of Mice and Men Bunkhouse,1,OfMiceandMenBunkhouse,30.0,0.0,9.338333333333333,0.022487426641242994,1732.0668998298934,0.7283134393961705,0.5567378854453284,0.04218238704527334,0.38627084930489236,0.32098695698732826,0.0004837404709613236,83.4374631659216,0.9983691492058179,2.18565100219593,2.0374345442015307,1.1077080000503126
https://www.youtube.com/watch?v=TMYEIEBELEw,Dr Jekyll & Mr. Hyde Grade 9 Essay: The Duality of Human Nature,1,DrJekyllMrHydeGrade9EssayTheDualityofHumanNature,30.0,0.0,5.443333333333333,0.08124355717891485,2580.654329091326,0.8344827820384454,68.82761998097898,66.62689327824654,63.67279528563387,0.3492667728107777,0.00023393747107203368,77.81218563305602,0.9952998076333992,2.5277494030702603,2.4224954509290346,2.412346106847252
https://www.youtube.com/watch?v=QCzup51XpsM,Escape from Aleppo Read Aloud Chapter 2,1,EscapefromAleppoReadAloudChapter2,20.0,0.5106382978723405,1.6319444444444444,1.160508527133885,4369.082008277341,0.4729139859771902,45.31016365068993,48.18088202067544,51.580322305163484,0.4476541004255319,0.001218400801133803,74.77518332349548,0.951184911891269,16.591740577123232,15.435238918082065,12.873051696521882
https://www.youtube.com/watch?v=dcDiOi33C8U,Rifka chapter 20,1,Rifkachapter20,60.0,0.0,3.451388888888889,0.02544524274147634,3720.960805269427,0.6433111172779094,89.10889687362338,89.09136561188319,88.82066200538856,0.3655763444668008,0.00028344102964817606,75.94818545058854,0.996592615350152,2.0760017853246464,2.09441952009243,2.1328838585526033
https://www.youtube.com/watch?v=AL5fPhTAUZc,10 Ambitious Words,1,10AmbitiousWords,25.0,0.3122723014468617,2.134888888888889,3.8901824074697893,1172.027373594689,0.2729156150137766,14.141018329413733,13.729571371269834,12.623113139252208,0.6260978453211201,0.0011322660686507524,15.355914802794915,0.8294988393987724,11.014712438086807,10.024642167880222,9.669120758627368
https://www.youtube.com/watch?v=2fQEzQ8UGeQ,"""Assessment objectives"": What Examiners Want To See In YOUR Language Paper 2 GCSE Exams",1,AssessmentobjectivesWhatExaminersWantToSeeInYOURLanguagePaper2GCSEExams,25.0,0.0,9.177333333333333,4.45602275788276,1175.9854006855755,0.24042928531505514,13.662963522294644,12.761247480353102,12.32512618509328,1.3638653203544966,0.0024664809757568296,16.640246063192805,0.8210999010345477,10.357115678331567,9.876376954228554,10.340216852843987
https://www.youtube.com/watch?v=-k7ZSLB_RLk,"On an Afternoon Train from Purley to Victoria, 1955 by James Berry AQA Worlds",1,OnanAfternoonTrainfromPurleytoVictoria1955byJamesBerryAQAWorlds,25.0,0.2105854274884178,2.3743333333333334,4.876358549687749,1674.017120147618,0.24959521475874344,27.432183932326915,25.957111203628756,24.447949999062573,1.329507061631335,0.002404345814582131,15.268666828006372,0.8300933200004675,11.517164582409094,10.71215532122486,10.907427030228162
https://www.youtube.com/watch?v=j5Jjng99gn0,In A London Drawingroom by George Eliot_ Context & Analysis!_AQA Worlds and Lives Anthology,1,InALondonDrawingroombyGeorgeEliotContextAnalysisAQAWorldsandLivesAnthology,25.0,0.0,5.935333333333333,4.568606574769066,1190.8754610024987,0.24336091577120786,17.923094336930742,16.06000417806798,14.714827211615908,1.4120703807705268,0.0025536573726318845,16.895189529775497,0.8286778323358973,10.451475129379684,9.962263017008556,11.69017943680493
https://www.youtube.com/watch?v=eniw0M6Ftko,How To Write The Perfect Macbeth GCSE Essay On The Theme Of ‚ÄúKingship‚Äù!,1,HowToWriteThePerfectMacbethGCSEEssayOnTheThemeOfKingship,25.0,0.09278733143634789,5.3886666666666665,4.538975562696668,1154.6092262220566,0.2621029525128821,10.009522256247932,10.056615389492165,10.08432918299757,0.6056951379438328,0.0010953688113856928,15.672317219067091,0.8168046258244813,8.63762174508637,8.55417010767378,9.07537540629357
https://www.youtube.com/watch?v=xTOeZAzeuUo,Scepticism & Cartesianism,1,ScepticismCartesianism,30.0,0.0,2.42,0.28316397173209756,9647.493989135224,0.42677115427360174,19.05577068297192,18.946320998468043,18.495434917274455,0.3250660606060606,0.0005998626697101399,51.26533887297491,0.986197696117085,1.4504306377953502,1.4668412552616505,1.5058820723936535
https://www.youtube.com/watch?v=-Xf_r9qS2SY,Whitehead's critique of Cartesian dualism,1,WhiteheadscritiqueofCartesiandualism,30.0,0.0,4.577777777777778,0.18450934942868022,9853.414910960211,0.4340291275946438,0.34905302824775086,0.488357002594896,0.340034028438136,0.3174301456310679,0.0005857716866833708,49.58354333962644,0.9853080350968981,1.0515328302201594,1.080025837134702,1.020523500801303
https://www.youtube.com/watch?v=sSityAKl43E,Rationalism VS Empiricism #philosophy #PHIL-211A #pu,1,RationalismVSEmpiricismphilosophyPHIL211Apu,60.0,20.493358633776094,0.047053571428571424,7.601860895610703,3913.9322873888514,0.29993508842821565,0.7378177281686853,1.2128865363256367,0.8860022573334667,1.973622466793169,0.0016272928826643904,25.854422320756047,0.6441649803681204,2.326586581433482,6.232596817268227,5.768955806669374
https://www.youtube.com/watch?v=RTRdzYrGAGU,"GRADE 8, ENGLISH, UNIT 2",1,GRADE8ENGLISHUNIT2,30.0,0.48263842338115026,1.3812962962962965,0.4795789925752525,4989.997302822526,0.5914457615334424,88.16797571718125,80.74357883932241,75.86328564637014,0.4600375278187425,0.0008264448091620506,34.02891401590305,0.9657762834063991,9.10019405267081,8.821170429213057,9.565482474552015
https://www.youtube.com/watch?v=Y3vcC5jhxP4,"GRADE 9, UNIT 8, LESSON 2",1,GRADE9UNIT8LESSON2,23.809,0.43982142857142864,1.136825010150223,0.414575876450707,5614.131531235703,0.5145515157381664,2.7029871725242067,12.226666379670709,9.865953390439307,0.34385385892857145,0.0016857274290135343,31.386620492035675,0.9629806397017062,3.7154038710939776,4.845822212446675,4.684590764742998
https://www.youtube.com/watch?v=RS69BcZH-nk,Solitude chapter 44,1,Solitudechapter44,20.0,0.0,6.2125,0.10168239649483403,4917.216858790393,0.2136999704882514,1.152989574663366,1.0872693736927688,0.8798060055940701,0.30216947551978535,0.0006830726352715056,63.42255574824641,0.9913948126479092,2.7093705064135967,1.9386312212097838,2.0061863806609384
https://www.youtube.com/watch?v=g0zbIn9REf0,Perhaps someday chapter 8,1,Perhapssomedaychapter8,6.0,0.0,5.913888888888889,0.06619704504509633,4960.764505608899,0.42843807785986443,0.5401256952904161,0.49319109165346037,0.6288318362472747,0.33300981869422264,0.003158555760184312,60.409228058730285,0.9932623474515582,1.3866207390850382,0.7834257400920921,0.8156206328047211
https://www.youtube.com/watch?v=_iFaRrK-384,Most Repeated Previous Year Questions and Topics- INI-CET NEET-PG FMGE EPISODE-39,1,MostRepeatedPreviousYearQuestionsandTopicsINICETNEETPGFMGEEPISODE39,60.0,1.9832661915091414,0.4745588235294118,0.41884693180783555,6373.507721079689,0.37702614323302586,60.05957201359291,27.304665054996423,35.51924502189319,0.37589063939675654,0.00028324128282090666,52.55330860777133,0.9738864213989532,44.90060591337779,18.341248761391526,28.298107251609316
https://www.youtube.com/watch?v=nN2wS70kXhc,"November 8, 2024(4)",1,November820244,30.0,0.989282769991756,0.6738888888888889,6.803280608713134,1435.8989891096294,0.20628593378684806,14.087150041485312,13.774299336997428,13.597844336485895,0.514406727122836,0.003100927897875892,17.880740573940614,0.6350499935223319,9.51708441583483,8.55208148742573,8.000563564612973
https://www.youtube.com/watch?v=9PXFxi2MnJ0,"Liver use of carb, lipid & protein Quick Overview",1,LiveruseofcarblipidproteinQuickOverview,15.087,0.0,3.790238836967809,0.3121039049649984,2694.8211448284837,0.46698341206894667,13.404433560441703,11.725060784469173,9.709237514365,0.31472398389041095,0.0010882311387328829,49.04708245139833,0.983900509618646,2.351506693473383,1.211494535508096,0.8180857750113406
https://www.youtube.com/watch?v=LpGlIM8fIGs,Mitochondria Fuel Sources Quick Overview,1,MitochondriaFuelSourcesQuickOverview,15.404,0.0,4.833160218125162,0.6360637944498587,2926.2667751345343,0.48207411694136304,15.629476611995118,13.362285064027642,10.774509373976095,0.28807520073069176,0.0009755882525988302,48.58438647510668,0.9822438850435933,8.03427355317338,6.961275262051044,5.635562974361824
https://www.youtube.com/watch?v=FWOqDc4nuac,Blood Vessel Substances Quick Overview,1,BloodVesselSubstancesQuickOverview,18.232,0.3746301369863014,1.7795329335478522,0.8686536502673952,3392.789048667412,0.42944674414972417,4.030351123353247,3.581710278723009,3.7166199570746343,0.4019461435726027,0.0011500792106411354,54.397218136703835,0.9686052790150089,2.614603096594729,2.5452507037423833,2.4716328841187605
https://www.youtube.com/watch?v=sF3rdBd5yDI,Tuberculosis Pathogenesis,1,TuberculosisPathogenesis,29.97002997002997,3.5138286237455754,0.27596592592592595,1.3614902847136061,3457.11871687607,0.16450820929259682,53.48062298633639,41.886297505382174,26.85249014149866,1.2276538605507827,0.0018519746974032685,22.62279553550437,0.904149733766463,15.844195177649532,14.35472763011247,13.403182402587579
https://www.youtube.com/watch?v=_MVToutFaAc,"Protein Roles, Part 1",1,ProteinRolesPart1,30.0,2.218570254724733,0.42256944444444444,0.9249362987880078,2649.8435994222623,0.2146286678465284,8.645463698583116,7.527904361462315,6.406079597397848,1.2812469022185702,0.0019308914783145409,26.076892793980782,0.9130838003957777,7.7156330597701155,5.752600460713239,3.2677394277636713
https://www.youtube.com/watch?v=N8DrI133rWI,Clostridium perfringens,1,Clostridiumperfringens,30.0,0.7329487614523243,1.1694444444444445,1.9606963844776397,5477.6946057891755,0.11495387272651451,36.41044906493809,34.28817282519438,22.22976641514931,1.606770616898541,0.0024214690286496624,22.692474324909238,0.8548995413836598,13.170156990432677,15.654974409276656,11.89214200422402
https://www.youtube.com/watch?v=51S3tTirR_g,Congestive Heart Failure: Treatments,1,CongestiveHeartFailureTreatments,29.849,0.0,9.585469083274706,1.6085494232258417,1736.9989361594394,0.17460327176638998,17.391495511978565,22.068383119001563,22.441209347669716,1.3049212050030872,0.0019765180951853145,22.521892797330004,0.8632084402289015,9.260134007780024,7.909220751163848,6.189542712702213
https://www.youtube.com/watch?v=yAX2U4KGUS0,"Viruses - Lytic and Lysogenic, Part 2",1,VirusesLyticandLysogenicPart2,30.0,0.0,4.750555555555556,1.5818829423502871,1037.6466624210677,0.1933578722342196,17.206447179446933,11.129366235397413,8.28356804965312,1.5424685206408606,0.0023245631399511427,24.237146631687114,0.8782692759092298,13.248502963299604,8.266524148343873,5.776837739448025
https://youtu.be/xAtb8X5aBj4?si=ng2KgPMEKsnRZhf_,Functions of the oesophagus,1,Functionsoftheoesophagus,23.976023976023978,1.5033735423888699,0.598653611111111,2.734086380442256,2196.6196786038554,0.31933420443590865,37.352994822667405,29.88742921177552,21.939572121827954,0.9648133120943154,0.0018193339131793921,21.68644699784956,0.8823121572212376,15.750715541690733,18.34499626741398,13.18870429000282
https://youtu.be/OqLt8g9Khoc?si=cNHz3SFTppMxpuLB,Functions of the mouth as part of the digestive system | CBC Grade 4 Science and Technology,1,FunctionsofthemouthaspartofthedigestivesystemCBCGrade4ScienceandTechnology,23.976023976023978,1.9922834067419055,0.4705655815972222,2.5978620509856674,2364.077232708372,0.3080997653887683,26.080347900088963,22.780946724532882,17.639740978035082,1.0220068901645856,0.0019271829808642546,20.678836683538854,0.9020951913267964,14.18229048139744,14.570734761322473,11.629342457566956
https://youtu.be/ljetu2VZUYo?si=RaHXL0KmGe0svlLc,How to identify parts of the human digestive system | CBC Grade 4 Science and Technology,1,HowtoidentifypartsofthehumandigestivesystemCBCGrade4ScienceandTechnology,23.976023976023978,1.8621351034191906,0.5034543402777777,2.9382959707588703,2044.0446116955236,0.35677155974844244,77.93379918736188,58.87004947093438,38.52223228633692,1.0095556359415525,0.0019037038385414668,19.5990503719559,0.8693038170763068,16.84120168755836,17.573257900924247,12.576252966432195
https://www.youtube.com/watch?v=1IgQqnCMd_w&t=121s,The Lanyard poetry analysis,1,TheLanyardpoetryanalysis,29.97002997002997,1.4151640594452766,0.6359686666666666,4.030754257227822,3213.1795078936816,0.576441816910018,74.13160631795058,81.39285493113456,76.07309415649226,0.37151893227444116,0.0005604541184514787,19.310483430491765,0.7829322101841484,94.51622879560803,94.18631076581651,92.19100817493647
https://youtu.be/QWdoItzBxFI?si=_NZAvi_HoTtEqS_S,Science Notes Class 10 Ch-5 Periodic Classification of Elements Part-2,1,ScienceNotesClass10Ch5PeriodicClassificationofElementsPart2,30.0,0.09990564466892378,5.004722222222223,1.4425003580305504,5091.752783940625,0.6159060204627479,70.27218479032075,70.53862796486781,62.39723566177316,0.4862008902703002,0.0007327246248527625,65.75307290123739,0.9297698259417776,20.997381610136188,18.192316645465798,16.10592564185745
https://youtu.be/V1-Qp74qtRY?si=NwjQtaG01MrCCI7F,Indus Valley Civilization Religious Life & Script-Part4 Ancient History Lec.7 An Aspirant !,1,IndusValleyCivilizationReligiousLifeScriptPart4AncientHistoryLec7AnAspirant,30.0,0.0,7.7427777777777775,1.6467506586702476,2268.2092697400085,0.14235650265928235,5.027492459017989,4.699923124169865,5.076052427204416,1.2305822372103035,0.00185453775621248,24.124420728587488,0.9216891253523033,5.717142376608761,5.910697081039906,6.518899366341986
https://youtu.be/U39-YOzwhFc?si=MIlymU5toM8SPuSF,"Important Harrapan Sites Part5 Harappa, Mohenjodaro Ancient History Lec.8 An Aspirant !",1,ImportantHarrapanSitesPart5HarappaMohenjodaroAncientHistoryLec8AnAspirant,30.0,0.0,7.316111111111111,1.7459427894828798,2418.7786917721332,0.13661755278742815,2.790405838742858,2.22693081225375,2.271181423123236,1.3708752069253551,0.002065964998862719,22.610961806608152,0.9170523954181498,3.9960522044363302,2.8780393213068325,2.829359096204277
https://www.youtube.com/watch?v=1MvvQzJGXXM,Definitions of Geography || Types || Nature #GEOG-211 #4thsememster #pu,1,DefinitionsofGeographyTypesNatureGEOG2114thsememsterpu,60.0,3.7692747001713305,0.24319444444444446,9.46762037462954,2116.7914704994237,0.3458551892406969,17.81501359675255,17.63307486762279,18.007092804521807,1.8869550656767562,0.0015325428778484342,17.74143792788334,0.5886662452480707,18.224199826274944,17.9588983531549,18.26378108805298
https://www.youtube.com/watch?v=-qSV3Jqr4I4,Disabled by Wilfred Owen - English iGCSE,1,DisabledbyWilfredOwenEnglishiGCSE,60.0,0.39611804317686666,2.1037500000000002,0.036898397509828665,3071.5551354781014,0.7283862071692605,66.37846046141367,65.88892467164746,65.35698291895297,0.2783853066613851,0.00020976902086150377,73.7732738062153,0.9955637120797087,30.233375967306667,30.79858058938163,31.006682996709007
https://www.youtube.com/watch?v=kvQROWAQB1Q,class 11 biology chapter 8 cell: The unit of life üß¨üß¨ hand writen by me ü•∞ü•∞üò±ü•∫ü•∫ü•∫üòä,1,class11biologychapter8cellTheunitoflifehandwritenbyme,19.810391001606856,16.263417163164345,0.059779701428568574,5.37296159943538,1087.1621532355582,0.13915410864191263,11.248352417077152,10.432759420968285,11.692901719303203,1.769791870841784,0.004039014764862596,18.940063000788207,0.5816737205165503,9.580012126233397,8.756741047224175,10.104010579750298
https://youtu.be/nyS6TlwM-jA?si=gGX4dxUkKBcnimjY,The Quantum Mechanic Model: HISTORY OF ATOM | Grade 9 Science Quarter 2 Week 1,0,TheQuantumMechanicModelHISTORYOFATOMGrade9ScienceQuarter2Week1,59.94005994005994,3.121037325184915,0.30972608333333335,1.7723434436741599,6198.706776945293,0.44082356849058374,77.4757317620541,96.1094112977227,93.8872398518792,0.6525335980116481,0.0004921891062114647,39.42197514835811,0.9234008993831458,37.94344804092553,43.47179193750981,43.73134680642491
https://youtu.be/6n4_jtBQSC8?si=Q_RL3z5QUCAEQbUc,Chemical Bonding | Ionic and Covalent | Grade 9 Science Quarter 2 Week 2,0,ChemicalBondingIonicandCovalentGrade9ScienceQuarter2Week2,59.94005994005994,4.187491250211184,0.23361502415458937,2.688432246813551,5423.345893650669,0.406963388250753,77.66817831467938,77.87397464192924,66.93255743059481,0.5019627402198298,0.0003786174278429194,44.39824296247853,0.9221923811755116,43.08657157557367,41.54714880579383,37.27092045108001
https://youtu.be/7CLz86k85Go?si=rP8ngyNsBwwL8CuH,GRADE 12 2022 MATHEMATICS PAST EXAMINATION SOLVING SIMULTANEOUS EQUATIONS,0,GRADE122022MATHEMATICSPASTEXAMINATIONSOLVINGSIMULTANEOUSEQUATIONS,29.94256541161455,0.7657945118059987,0.8705555555555556,0.08647913558075274,1031.556501563364,0.8958294733455665,63.57608400611185,66.06290388889366,51.21706974731168,0.2024010721123165,0.00030561178244194214,47.64939785192063,0.9969780506622105,3.339894013464577,5.967315592849306,4.46710102539999
https://youtu.be/iiexb6JcBT0?si=aDeb5alk23yyWjds,GRADE 12 2022 MATHEMATICS PAST EXAMINATION SIMPLIFYING EXPONENTIAL EXPRESSIONS,0,GRADE122022MATHEMATICSPASTEXAMINATIONSIMPLIFYINGEXPONENTIALEXPRESSIONS,29.926,1.056522506619594,0.6310009133640758,0.10220016586921703,1123.115663163262,0.8912976639561809,89.05213782913413,91.86747016281994,66.65572901753416,0.19970881463959989,0.00030171357759090366,51.09792633233851,0.99618146750391,3.433675767800294,6.289588940392485,4.667011620783064
https://www.youtube.com/watch?v=ndDpjT0_IM0,How Your Brain Works? - The Dr. Binocs Show | Best Learning Videos For Kids | Peekaboo Kidz,0,HowYourBrainWorksTheDrBinocsShowBestLearningVideosForKidsPeekabooKidz,24.0,6.024235429890364,0.16046296296296295,2.983725479763434,2038.1108239377304,0.25775969006850274,44.15905838523754,58.545799276290936,64.07231164830766,0.42554595268320833,0.0008016439417769977,17.729875780882942,0.8471532321618337,31.681094732306352,45.96029353292369,48.113543977906915
https://youtu.be/hLq86kLEqTk?si=gxlVn7PNtilKjrEU, ï‚Ä¢·¥•‚Ä¢ î Graph Lines Using a Table of Values,0,GraphLinesUsingaTableofValues,59.94005994005994,0.0,2.642083888888889,2.726163079649765,998.6181599237605,0.1923981895021569,13.198391222576998,9.656603957913983,13.55919805341938,2.0828882925115297,0.0015710684172484156,20.548247142480424,0.8637841392116642,13.573412946180614,10.278034763876514,13.530499261579113
https://youtu.be/rtaDQTlWsU8?si=0xjbu5aP6mXk3gaB, ï‚Ä¢·¥•‚Ä¢ î Find the Surface Area of a Rectangular Prism with ease,0,FindtheSurfaceAreaofaRectangularPrismwithease,59.94005994005994,0.0,2.827268888888889,1.1587039046639274,1110.2161071831054,0.22342021498895745,14.850564847412802,11.282594386135669,7.106108337373974,0.7896286089991834,0.0005955963041390747,24.878089416120527,0.9034694016031218,11.895351263818666,9.150770664804202,9.167492085961511
https://youtu.be/jU-4znsCFhU?si=pD6zD9k8n8FHfykU,sat English maths sat Ethiopian exam entrance exam sheetmaths,0,satEnglishmathssatEthiopianexamentranceexamsheetmaths,30.0,2.1330902461257972,0.4353174603174604,3.559691258175328,5283.571417286017,0.6577445184879899,26.988442599038365,59.403129232965014,30.520207797420657,0.23354211850501366,0.00035195752330640805,48.15165337662799,0.9741240862900655,65.3330525421005,46.683354864469884,15.103352036187223
https://youtu.be/iOoYgXKYxjQ?si=kKVxLKgLuvP09rCI,Grade 12 Physics Entrance Examination Ethiopian Education,0,Grade12PhysicsEntranceExaminationEthiopianEducation,30.0,1.2443215484890382,0.7031944444444445,2.568452656384891,3256.8183878396007,0.8409305931068551,89.4433280547563,88.97336309064049,97.00486069880579,0.2203561919810389,0.00033208579279549893,46.10912361180349,0.9770570948456014,10.772035794038494,10.237599291060764,12.383357021408955
https://youtu.be/Bqyek4dnycM?si=AkgdvCz2c0GVs2Ds,Role and Functions of the RBI,0,RoleandFunctionsoftheRBI,14.985014985014985,3.0272757545484823,0.31294421052631577,3.4530701505226373,1742.3133945578084,0.7367678852393605,73.08681874832996,67.55467847422496,95.38091321420404,0.5511288038560765,0.0016628084390068378,25.72773991878989,0.9031637934862042,63.49851012427761,48.985823031654064,84.33957795795794
https://youtu.be/Fb5Nrc6YW9U?si=DqmNvYG_aFl7H_MR,Meaning and Functions of a Bank,0,MeaningandFunctionsofaBank,14.985014985014985,5.423958582226858,0.17909955555555554,5.936762852973222,2116.852370661618,0.6435001028850763,75.45728556258513,71.86300816100751,72.35735975382438,0.5513902704818248,0.001663597308884026,30.02343482465551,0.8919446126117822,59.997897258625386,43.728009951341875,55.79666332378116
https://youtu.be/HCtO1JT6jec?si=REOE67XvsvR-Gvwf,"The Human Body for Kids - Trunk, Upper, and Lower Limbs",0,TheHumanBodyforKidsTrunkUpperandLowerLimbs,24.0,0.0,2.948611111111111,2.260670141820221,1212.5563942667486,0.3386704767933123,37.97178881940832,36.67887289973518,34.01613795190661,0.4824473895430994,0.0009088349321965336,20.675466779407625,0.918126480989806,29.15539187501019,23.115145047145344,38.97151221659969
https://youtu.be/rXVPmL8n4rE?si=c2RV0hCet8LaCA85,Snow White 2.0 - Revamped Story for Children to Learn Values,0,SnowWhite20RevampedStoryforChildrentoLearnValues,25.0,1.484005716170166,0.6064666666666667,2.38806517095562,2959.5398530303073,0.439289544764025,53.461782410249505,47.684476112949035,49.12491194694842,0.5658250851929207,0.0010232658514050216,20.326371365820005,0.8937651108007841,29.09156325909659,32.119391036638525,35.582828121622654
https://youtu.be/ukzFI9rgwfU?si=8pJ5GnMZyKeRIN1O,Machine Learning What Is Machine Learning Introduction To Machine Learning 2024 Simplilearn,0,MachineLearningWhatIsMachineLearningIntroductionToMachineLearning2024Simplilearn,25.0,3.17931326833404,0.30243589743589744,1.6002966576992677,2385.9553850121747,0.8096498698657221,74.71792423165037,74.04821786644887,74.98206658620109,0.20967197965239506,0.000379181097461652,40.01156989050649,0.9536786743523246,9.240691047842807,8.54659890884806,6.880397608191364
https://youtu.be/1FZ0A1QCMWc?si=nwFpVJhWY4eWFQXH,Supervised vs Unsupervised vs Reinforcement Learning Machine Learning Tutorial Simplilearn,0,SupervisedvsUnsupervisedvsReinforcementLearningMachineLearningTutorialSimplilearn,25.0,1.860849788069885,0.49605128205128207,1.5555571068425942,5978.82899178104,0.3689718284644462,86.70916578804152,89.84239045251174,91.39007647602608,0.5236229504807195,0.000946945439960792,50.2644676033747,0.9463378308033203,42.68094754480665,43.184998364297506,48.207647705806814
https://www.youtube.com/watch?v=IoFpgy3FTUM,Photosynthesis Process: How Plants Make Their Own Food | Science For Kids,0,PhotosynthesisProcessHowPlantsMakeTheirOwnFoodScienceForKids,30.0,8.443869297961825,0.11448148148148148,3.125526431044571,2455.189139177302,0.3655973121058417,91.06235574411123,64.2153388673743,36.92454996684657,0.8958418893561955,0.0013500703627691505,23.41322054712621,0.8208311317342744,53.8740329158567,37.46510296953699,27.81567055839181
https://www.youtube.com/watch?v=WG5ikvJ2TKA&t=84s,Frontend web development - a complete overview,0,Frontendwebdevelopmentacompleteoverview,30.0,3.435114503816794,0.27724867724867724,1.6450605163056444,2759.3681861440537,0.7688193773529695,57.61418964959582,57.58491752647238,57.10743930951371,0.34281425954198474,0.0005166351085400763,49.84677020933341,0.9243861211190701,73.63561992191838,73.25023023087172,73.29818870600593
https://www.youtube.com/watch?v=VbvMJUpY0a4,JavaScript frameworks explained in 90 seconds,0,JavaScriptframeworksexplainedin90seconds,25.0,4.192872117400419,0.21200000000000002,1.97127325726251,2397.02758846731,0.7716308304825822,71.24644308436675,70.101242475418,71.19990229597595,0.5445389937106918,0.0009847710389733286,38.01718376864107,0.9333709639581628,42.35071586056396,42.457244024256006,42.395672977224116
https://www.youtube.com/watch?v=QCX62YJCmGk&t=3s,This tests your understanding of light | Optics puzzles 1,0,ThistestsyourunderstandingoflightOpticspuzzles1,30.0,6.335195530726257,0.15538194444444445,3.0156425352446323,6273.5709264958095,0.5867343462723996,38.63257755553761,40.753331664896635,46.36848640039944,0.3452062927374302,0.0005202400003879578,24.686823633069803,0.8492492109860311,23.917105826152497,26.20322627035492,31.563577098981394
https://www.youtube.com/watch?v=U_85TaXbeIo,The quick proof of Bayes' theorem,0,ThequickproofofBayestheorem,60.0,1.8503561201262941,0.4728819444444444,2.227156741247519,4311.856689444773,0.8322935425380333,49.21912976445955,50.101556510716534,42.27359371214048,0.30695691607313313,0.0002312983127721212,39.810965541077124,0.9406760425070778,14.120740567126699,15.744927047393398,13.789590315856588
https://www.youtube.com/watch?v=v0YEaeIClKY,"e^(iœÄ) in 3.14 minutes, using dynamics | DE5",0,eiin314minutesusingdynamicsDE5,60.0,2.9069376219635283,0.31754273504273506,1.2160542052695273,7321.870090236816,0.8054979738898491,45.63335632568942,45.536138572599874,42.35618379801618,0.48348561200457574,0.0003643162947324217,33.40667197930699,0.9611744233153741,12.393221918334811,14.097721737098523,13.924076191400102
https://www.youtube.com/watch?v=vE7Cy5csYbQ,Python in 2 Minutes!,0,Pythonin2Minutes,60.0,12.162162162162161,0.07893333333333334,4.055449627027404,3718.6841218898917,0.5932709751741733,55.995910399764746,59.68044626988537,69.54956716048632,1.8174381756756754,0.0013694768274948126,19.559389177742613,0.6946076680647069,47.768171315148564,52.12682073329717,59.81929400483682
https://youtu.be/Y1LKHx_GrsY?si=m6IESIHL6hLWlvnp,Bacterial DNA & Genetics: Crash Course Biology #38,0,BacterialDNAGeneticsCrashCourseBiology38,23.976023976023978,0.9613481947082589,0.9456416666666666,2.6315767862189277,3175.0219184696484,0.18141084203288627,29.160867455536067,32.39946370554117,32.39346224304469,0.36318692694634963,0.0006848561112642565,23.84037097923519,0.8641263206338139,21.1031756186003,27.615223234940323,27.403668487655256
https://youtu.be/NKpkU4-Sf9A?si=AMNaALkusr7kG3N1,Nervous & Endocrine Systems Crash Course Biology #46,0,NervousEndocrineSystemsCrashCourseBiology46,23.976023976023978,0.9568084060934077,0.9501284722222223,3.5695528366899256,3609.030905619197,0.13705396277652476,54.60090173773629,56.33005402689936,54.399895375259796,0.592217124279113,0.0011167349005869022,22.384140402573745,0.7879048445411924,40.33186640674505,45.65378014653307,43.17258801596885
https://youtu.be/oYddXjm6QRw?si=hyop3WtSfl6O_mGB,Organometallic Reagents and Carbanions: Crash Course Organic Chemistry #28,0,OrganometallicReagentsandCarbanionsCrashCourseOrganicChemistry28,23.976023976023978,2.0035674631774913,0.4774092995169081,4.615947886776933,1932.5969744804231,0.14800609865754305,58.55194731536,47.798395549741116,58.08401207146617,1.0669200012446405,0.002011874957135773,30.840603893552007,0.8556818209087377,52.013496202941035,30.10132276850507,35.98563678359512
https://www.youtube.com/watch?v=uKrgEv7-rVM,Parts of the Cardiac System (Heart Anatomy),0,PartsoftheCardiacSystemHeartAnatomy,59.94005994005994,0.7556792708254799,1.1342680555555555,3.0825007928701167,2226.6402051058303,0.18196362525531318,17.04700619033366,19.89645895950097,21.25684660913994,2.0516452568618564,0.001547502608777246,17.42465519506463,0.8541350901404154,10.388284744157582,7.857158996028409,7.730419614579535
https://www.youtube.com/watch?v=4kmugcPFRqQ,The Diencephalon,0,TheDiencephalon,30.0,0.404767258826175,1.9764444444444442,0.26788241093713994,4376.673436192382,0.5849665802172171,62.96190164251546,43.28152407706391,49.84014075448584,0.725016213177423,0.0010926290828411685,30.41707772691426,0.9752680304139608,33.550698169732186,9.880324187203671,7.966029492588883
https://www.youtube.com/watch?v=0LTdAaXCI1c,Respiratory System Summary,0,RespiratorySystemSummary,25.0,0.21162528216704288,3.1502222222222223,0.06266886202259131,4836.13969610369,0.5188693496942639,85.2954574784322,80.04330271151005,76.41083836001386,0.3721536399548533,0.0006730209055896508,57.179458321662764,0.9966693797871189,8.08220055680132,8.668420493728098,5.07115468713413
https://www.youtube.com/watch?v=JDo9LNMOLtE,Heart failure treatment - Late stages Khan Academy,0,HeartfailuretreatmentLatestagesKhanAcademy,29.97002997002997,0.49414723775811986,1.3491255555555555,0.04238130937393646,7993.305309387449,0.8044042111496476,5.969023704112333,5.10468185695103,3.471292586955248,0.2375980820498545,0.0003584280962636001,45.28668169271226,0.9906091751091955,6.521892186143214,5.635815456671125,4.809977819870609
https://www.youtube.com/watch?v=1TEBa0EiNg8&t=52s,üç© Kids Book Read Aloud_ DINOS LOVE DONUTS,0,KidsBookReadAloudDINOSLOVEDONUTS,29.97002997002997,1.0136425018048467,0.8769254320987654,5.242633119395148,3291.5215864110564,0.14027134127855895,69.01790519122255,60.042259864165715,51.116207407485874,0.3567525428348427,0.0005381783121408383,18.536724025837586,0.709236783147659,32.87533686936806,34.20252794642909,29.8892951233026
https://www.youtube.com/watch?v=2JI5HB3Pg9w,"üéÉ Kids Read Aloud_ THE GOOD, THE BAD, AND THE SPOOKY",0,KidsReadAloudTHEGOODTHEBADANDTHESPOOKY,29.97002997002997,0.9876009143721354,0.9112992777777779,3.219297623808947,3655.6453053698224,0.2278702422009139,57.47977383158618,57.41400441710771,54.80255249431468,0.3849332140977958,0.0005806902056084431,19.485163373959285,0.7128369824256974,36.43203126256933,36.062046257430794,32.4834921710485
https://www.youtube.com/watch?v=4wiKrZY5GVw,Learn Grade 3 - Science - Natural Resources,0,LearnGrade3ScienceNaturalResources,30.0,1.2318382817435247,0.7538095238095239,3.2301020270080056,3846.2363842238874,0.18404927745620323,57.12124030516436,42.10628562786036,41.25857404867421,0.9487127605811748,0.0014297489278627372,25.239977444186728,0.8800771065026863,26.399466576832094,24.126294174996925,23.285838203987165
https://youtu.be/mtq2PG67w4E?si=1datHgg6nJS1Fu6r,What is space and how do we study it? Crash Course Geography #3,0,WhatisspaceandhowdowestudyitCrashCourseGeography3,23.976023976023978,1.7259285405656133,0.5489036184210526,4.2169778239827584,2753.469932308691,0.1578084382698007,68.79577852077031,69.48389341718936,58.13532053588354,0.5556226009543347,0.0010477291598007558,21.120653269324112,0.7496849743862704,51.18537506586015,54.18155136669751,42.91818144927305
https://www.youtube.com/watch?v=Ka77djMkSwg,What is a JavaScript Framework? (in detail),0,WhatisaJavaScriptFrameworkindetail,29.97002997002997,2.099693012530433,0.4498012037037037,1.4159070989323113,2033.8676599567707,0.5528292284232702,78.75027241439432,77.99075674878432,78.43483506037339,0.5919361989751439,0.0008929641311820612,43.73013208696977,0.92403396320791,72.92289973253065,73.14485332549637,72.16785510347468
https://youtu.be/KAGWjGzo-28?si=nDelrxzmV0nuOJP_,Consumer Rights and Protection,0,ConsumerRightsandProtection,14.985014985014985,4.197483189079827,0.22689333333333334,5.217695444787546,3041.9129386347977,0.6529012728593179,64.44504467498125,74.02978129166203,74.43881156709203,0.5417528409965384,0.0016345202601681103,30.001087195565113,0.8959353698147497,57.13553385673953,61.367223441079275,56.52475063606623
https://www.youtube.com/watch?v=JGwoN20ElLA,sympathetic stimulation of the heart,0,sympatheticstimulationoftheheart,29.97002997002997,0.4759665956066168,1.0504938888888888,0.179747419681768,5864.237750049846,0.5968439346856245,28.10289144251239,28.206589259269965,46.82158626642884,0.30826312914190096,0.0004650297071985962,57.98645847818423,0.9946561415381668,8.789980206027115,11.482203336322089,3.3951902827208307
